Survived,Pclass,Age,Fare,FamSize,Sex_male,Embarked_Q,Embarked_S,Title_Miss,Title_Mr,Title_Mrs,Title_Other,cabin_missing
0.0,3.0,21.999999999999996,7.25,1.0,1.0,0.0,1.0,0.0,1.0,0.0,0.0,1.0
1.0,1.0,38.0,71.2833,1.0,0.0,0.0,0.0,0.0,0.0,1.0,0.0,0.0
1.0,3.0,26.0,7.925,0.0,0.0,0.0,1.0,1.0,0.0,0.0,0.0,1.0
1.0,1.0,35.0,53.1,1.0,0.0,0.0,1.0,0.0,0.0,1.0,0.0,0.0
0.0,3.0,35.0,8.05,0.0,1.0,0.0,1.0,0.0,1.0,0.0,0.0,1.0
0.0,3.0,47.79999999978015,8.4583,0.0,1.0,1.0,0.0,0.0,1.0,0.0,0.0,1.0
0.0,1.0,54.0,51.8625,0.0,1.0,0.0,1.0,0.0,1.0,0.0,0.0,0.0
0.0,3.0,2.0,21.075,4.0,1.0,0.0,1.0,0.0,0.0,0.0,0.0,1.0
1.0,3.0,27.0,11.1333,2.0,0.0,0.0,1.0,0.0,0.0,1.0,0.0,1.0
1.0,2.0,14.0,30.0708,1.0,0.0,0.0,0.0,0.0,0.0,1.0,0.0,1.0
1.0,3.0,4.0,16.7,2.0,0.0,0.0,1.0,1.0,0.0,0.0,0.0,0.0
1.0,1.0,58.00000000000001,26.55,0.0,0.0,0.0,1.0,1.0,0.0,0.0,0.0,0.0
0.0,3.0,20.0,8.05,0.0,1.0,0.0,1.0,0.0,1.0,0.0,0.0,1.0
0.0,3.0,39.0,31.275,6.000000000000001,1.0,0.0,1.0,0.0,1.0,0.0,0.0,1.0
0.0,3.0,14.0,7.8542,0.0,0.0,0.0,1.0,1.0,0.0,0.0,0.0,1.0
1.0,2.0,55.0,16.0,0.0,0.0,0.0,1.0,0.0,0.0,1.0,0.0,1.0
0.0,3.0,2.0,29.125,5.0,1.0,1.0,0.0,0.0,0.0,0.0,0.0,1.0
1.0,2.0,36.5,13.0,0.0,1.0,0.0,1.0,0.0,1.0,0.0,0.0,1.0
0.0,3.0,31.0,18.0,1.0,0.0,0.0,1.0,0.0,0.0,1.0,0.0,1.0
1.0,3.0,20.568730144817287,7.225,0.0,0.0,0.0,0.0,0.0,0.0,1.0,0.0,1.0
0.0,2.0,35.0,26.0,0.0,1.0,0.0,1.0,0.0,1.0,0.0,0.0,1.0
1.0,2.0,34.0,13.0,0.0,1.0,0.0,1.0,0.0,1.0,0.0,0.0,0.0
1.0,3.0,15.0,8.0292,0.0,0.0,1.0,0.0,1.0,0.0,0.0,0.0,1.0
1.0,1.0,28.0,35.5,0.0,1.0,0.0,1.0,0.0,1.0,0.0,0.0,0.0
0.0,3.0,8.0,21.075,4.0,0.0,0.0,1.0,1.0,0.0,0.0,0.0,1.0
1.0,3.0,38.0,31.3875,6.000000000000001,0.0,0.0,1.0,0.0,0.0,1.0,0.0,1.0
0.0,3.0,27.5,7.225,0.0,1.0,0.0,0.0,0.0,1.0,0.0,0.0,1.0
0.0,1.0,19.0,263.0,5.0,1.0,0.0,1.0,0.0,1.0,0.0,0.0,0.0
1.0,3.0,19.0,7.8792,0.0,0.0,1.0,0.0,1.0,0.0,0.0,0.0,1.0
0.0,3.0,25.2,7.8958,0.0,1.0,0.0,1.0,0.0,1.0,0.0,0.0,1.0
0.0,1.0,40.0,27.7208,0.0,1.0,0.0,0.0,0.0,0.0,0.0,1.0,1.0
1.0,1.0,32.102292685255925,146.5208,1.0,0.0,0.0,0.0,0.0,0.0,1.0,0.0,0.0
1.0,3.0,21.999999999999996,7.75,0.0,0.0,1.0,0.0,1.0,0.0,0.0,0.0,1.0
0.0,2.0,66.0,10.5,0.0,1.0,0.0,1.0,0.0,1.0,0.0,0.0,1.0
0.0,1.0,28.0,82.1708,1.0,1.0,0.0,0.0,0.0,1.0,0.0,0.0,1.0
0.0,1.0,42.0,52.0,1.0,1.0,0.0,1.0,0.0,1.0,0.0,0.0,1.0
1.0,3.0,20.0,7.2292,0.0,1.0,0.0,0.0,0.0,1.0,0.0,0.0,1.0
0.0,3.0,21.0,8.05,0.0,1.0,0.0,1.0,0.0,1.0,0.0,0.0,1.0
0.0,3.0,18.0,18.0,2.0,0.0,0.0,1.0,1.0,0.0,0.0,0.0,1.0
1.0,3.0,14.0,11.2417,1.0,0.0,0.0,0.0,1.0,0.0,0.0,0.0,1.0
0.0,3.0,40.0,9.475,1.0,0.0,0.0,1.0,0.0,0.0,1.0,0.0,1.0
0.0,2.0,27.0,21.0,1.0,0.0,0.0,1.0,0.0,0.0,1.0,0.0,1.0
0.0,3.0,33.0,7.8958,0.0,1.0,0.0,0.0,0.0,1.0,0.0,0.0,1.0
1.0,2.0,3.0,41.5792,3.0000000000000004,0.0,0.0,0.0,1.0,0.0,0.0,0.0,1.0
1.0,3.0,19.0,7.8792,0.0,0.0,1.0,0.0,1.0,0.0,0.0,0.0,1.0
0.0,3.0,35.800000000000004,8.05,0.0,1.0,0.0,1.0,0.0,1.0,0.0,0.0,1.0
0.0,3.0,42.793643577010776,15.5,1.0,1.0,1.0,0.0,0.0,1.0,0.0,0.0,1.0
1.0,3.0,21.999999999999996,7.75,0.0,0.0,1.0,0.0,1.0,0.0,0.0,0.0,1.0
0.0,3.0,17.91147539145208,21.6792,2.0,1.0,0.0,0.0,0.0,1.0,0.0,0.0,1.0
0.0,3.0,18.0,17.8,1.0,0.0,0.0,1.0,0.0,0.0,1.0,0.0,1.0
0.0,3.0,7.0,39.6875,5.0,1.0,0.0,1.0,0.0,0.0,0.0,0.0,1.0
0.0,3.0,21.0,7.8,0.0,1.0,0.0,1.0,0.0,1.0,0.0,0.0,1.0
1.0,1.0,49.0,76.7292,1.0,0.0,0.0,0.0,0.0,0.0,1.0,0.0,0.0
1.0,2.0,29.000000000000004,26.0,1.0,0.0,0.0,1.0,0.0,0.0,1.0,0.0,1.0
0.0,1.0,65.0,61.9792,1.0,1.0,0.0,0.0,0.0,1.0,0.0,0.0,0.0
1.0,1.0,28.0,35.5,0.0,1.0,0.0,1.0,0.0,1.0,0.0,0.0,0.0
1.0,2.0,21.0,10.5,0.0,0.0,0.0,1.0,1.0,0.0,0.0,0.0,1.0
0.0,3.0,28.5,7.2292,0.0,1.0,0.0,0.0,0.0,1.0,0.0,0.0,1.0
1.0,2.0,5.0,27.75,3.0000000000000004,0.0,0.0,1.0,1.0,0.0,0.0,0.0,1.0
0.0,3.0,10.999999999999998,46.9,7.0,1.0,0.0,1.0,0.0,0.0,0.0,0.0,1.0
0.0,3.0,21.999999999999996,7.2292,0.0,1.0,0.0,0.0,0.0,1.0,0.0,0.0,1.0
1.0,1.0,38.0,80.0,0.0,0.0,0.0,0.0,1.0,0.0,0.0,0.0,0.0
0.0,1.0,45.0,83.475,1.0,1.0,0.0,1.0,0.0,1.0,0.0,0.0,0.0
0.0,3.0,4.0,27.9,5.0,1.0,0.0,1.0,0.0,0.0,0.0,0.0,1.0
0.0,1.0,53.620377325044466,27.7208,0.0,1.0,0.0,0.0,0.0,1.0,0.0,0.0,1.0
1.0,3.0,6.482828544488689,15.2458,2.0,1.0,0.0,0.0,0.0,0.0,0.0,0.0,1.0
1.0,2.0,29.000000000000004,10.5,0.0,0.0,0.0,1.0,0.0,0.0,1.0,0.0,0.0
0.0,3.0,19.0,8.1583,0.0,1.0,0.0,1.0,0.0,1.0,0.0,0.0,1.0
1.0,3.0,17.0,7.925,6.000000000000001,0.0,0.0,1.0,1.0,0.0,0.0,0.0,1.0
0.0,3.0,26.0,8.6625,2.0,1.0,0.0,1.0,0.0,1.0,0.0,0.0,1.0
0.0,2.0,32.0,10.5,0.0,1.0,0.0,1.0,0.0,1.0,0.0,0.0,1.0
0.0,3.0,16.0,46.9,7.0,0.0,0.0,1.0,1.0,0.0,0.0,0.0,1.0
0.0,2.0,21.0,73.5,0.0,1.0,0.0,1.0,0.0,1.0,0.0,0.0,1.0
0.0,3.0,26.0,14.4542,1.0,1.0,0.0,0.0,0.0,1.0,0.0,0.0,1.0
1.0,3.0,32.0,56.4958,0.0,1.0,0.0,1.0,0.0,1.0,0.0,0.0,1.0
0.0,3.0,25.0,7.65,0.0,1.0,0.0,1.0,0.0,1.0,0.0,0.0,0.0
0.0,3.0,25.2,7.8958,0.0,1.0,0.0,1.0,0.0,1.0,0.0,0.0,1.0
0.0,3.0,35.800000000000004,8.05,0.0,1.0,0.0,1.0,0.0,1.0,0.0,0.0,1.0
1.0,2.0,0.83,29.0,2.0,1.0,0.0,1.0,0.0,0.0,0.0,0.0,1.0
1.0,3.0,30.0,12.475,0.0,0.0,0.0,1.0,1.0,0.0,0.0,0.0,1.0
0.0,3.0,21.999999999999996,9.0,0.0,1.0,0.0,1.0,0.0,1.0,0.0,0.0,1.0
1.0,3.0,29.000000000000004,9.5,0.0,1.0,0.0,1.0,0.0,1.0,0.0,0.0,1.0
1.0,3.0,18.171907170791176,7.7875,0.0,0.0,1.0,0.0,1.0,0.0,0.0,0.0,1.0
0.0,1.0,28.0,47.1,0.0,1.0,0.0,1.0,0.0,1.0,0.0,0.0,1.0
1.0,2.0,17.0,10.5,0.0,0.0,0.0,1.0,1.0,0.0,0.0,0.0,1.0
1.0,3.0,33.0,15.85,3.0000000000000004,0.0,0.0,1.0,0.0,0.0,1.0,0.0,1.0
0.0,3.0,16.0,34.375,4.0,1.0,0.0,1.0,0.0,1.0,0.0,0.0,1.0
0.0,3.0,35.800000000000004,8.05,0.0,1.0,0.0,1.0,0.0,1.0,0.0,0.0,1.0
1.0,1.0,23.000000000000004,263.0,5.0,0.0,0.0,1.0,1.0,0.0,0.0,0.0,0.0
0.0,3.0,24.0,8.05,0.0,1.0,0.0,1.0,0.0,1.0,0.0,0.0,1.0
0.0,3.0,29.000000000000004,8.05,0.0,1.0,0.0,1.0,0.0,1.0,0.0,0.0,1.0
0.0,3.0,20.0,7.8542,0.0,1.0,0.0,1.0,0.0,1.0,0.0,0.0,1.0
0.0,1.0,46.00000000000001,61.175,1.0,1.0,0.0,1.0,0.0,1.0,0.0,0.0,0.0
0.0,3.0,26.0,20.575,3.0000000000000004,1.0,0.0,1.0,0.0,1.0,0.0,0.0,1.0
0.0,3.0,59.0,7.25,0.0,1.0,0.0,1.0,0.0,1.0,0.0,0.0,1.0
0.0,3.0,35.800000000000004,8.05,0.0,1.0,0.0,1.0,0.0,1.0,0.0,0.0,1.0
0.0,1.0,71.0,34.6542,0.0,1.0,0.0,0.0,0.0,1.0,0.0,0.0,0.0
1.0,1.0,23.000000000000004,63.3583,1.0,1.0,0.0,0.0,0.0,1.0,0.0,0.0,0.0
1.0,2.0,34.0,23.0,1.0,0.0,0.0,1.0,0.0,0.0,1.0,0.0,1.0
0.0,2.0,34.0,26.0,1.0,1.0,0.0,1.0,0.0,1.0,0.0,0.0,1.0
0.0,3.0,28.0,7.8958,0.0,0.0,0.0,1.0,1.0,0.0,0.0,0.0,1.0
0.0,3.0,25.2,7.8958,0.0,1.0,0.0,1.0,0.0,1.0,0.0,0.0,1.0
0.0,1.0,21.0,77.2875,1.0,1.0,0.0,1.0,0.0,1.0,0.0,0.0,0.0
0.0,3.0,33.0,8.6542,0.0,1.0,0.0,1.0,0.0,1.0,0.0,0.0,1.0
0.0,3.0,37.0,7.925,2.0,1.0,0.0,1.0,0.0,1.0,0.0,0.0,1.0
0.0,3.0,28.0,7.8958,0.0,1.0,0.0,1.0,0.0,1.0,0.0,0.0,1.0
1.0,3.0,21.0,7.65,0.0,0.0,0.0,1.0,1.0,0.0,0.0,0.0,1.0
1.0,3.0,26.082845199253697,7.775,0.0,1.0,0.0,1.0,0.0,1.0,0.0,0.0,1.0
0.0,3.0,38.0,7.8958,0.0,1.0,0.0,1.0,0.0,1.0,0.0,0.0,1.0
1.0,3.0,17.599417264121882,24.15,1.0,0.0,1.0,0.0,1.0,0.0,0.0,0.0,1.0
0.0,1.0,47.0,52.0,0.0,1.0,0.0,1.0,0.0,1.0,0.0,0.0,0.0
0.0,3.0,14.500000000000002,14.4542,1.0,0.0,0.0,0.0,1.0,0.0,0.0,0.0,1.0
0.0,3.0,21.999999999999996,8.05,0.0,1.0,0.0,1.0,0.0,1.0,0.0,0.0,1.0
0.0,3.0,20.0,9.825,1.0,0.0,0.0,1.0,1.0,0.0,0.0,0.0,1.0
0.0,3.0,17.0,14.4583,0.0,0.0,0.0,0.0,1.0,0.0,0.0,0.0,1.0
0.0,3.0,21.0,7.925,0.0,1.0,0.0,1.0,0.0,1.0,0.0,0.0,1.0
0.0,3.0,70.5,7.75,0.0,1.0,1.0,0.0,0.0,1.0,0.0,0.0,1.0
0.0,2.0,29.000000000000004,21.0,1.0,1.0,0.0,1.0,0.0,1.0,0.0,0.0,1.0
0.0,1.0,24.0,247.5208,1.0,1.0,0.0,0.0,0.0,1.0,0.0,0.0,0.0
0.0,3.0,2.0,31.275,6.000000000000001,0.0,0.0,1.0,1.0,0.0,0.0,0.0,1.0
0.0,2.0,21.0,73.5,2.0,1.0,0.0,1.0,0.0,1.0,0.0,0.0,1.0
0.0,3.0,35.800000000000004,8.05,0.0,1.0,0.0,1.0,0.0,1.0,0.0,0.0,1.0
0.0,2.0,32.5,30.0708,1.0,1.0,0.0,0.0,0.0,1.0,0.0,0.0,1.0
1.0,2.0,32.5,13.0,0.0,0.0,0.0,1.0,1.0,0.0,0.0,0.0,0.0
0.0,1.0,54.0,77.2875,1.0,1.0,0.0,1.0,0.0,1.0,0.0,0.0,0.0
1.0,3.0,12.0,11.2417,1.0,1.0,0.0,0.0,0.0,0.0,0.0,0.0,1.0
0.0,3.0,47.666666666666664,7.75,0.0,1.0,1.0,0.0,0.0,1.0,0.0,0.0,1.0
1.0,3.0,24.0,7.1417,0.0,1.0,0.0,1.0,0.0,1.0,0.0,0.0,1.0
1.0,3.0,5.7054085316827505,22.3583,2.0,0.0,0.0,0.0,1.0,0.0,0.0,0.0,0.0
0.0,3.0,45.0,6.975,0.0,1.0,0.0,1.0,0.0,1.0,0.0,0.0,1.0
0.0,3.0,33.0,7.8958,0.0,1.0,0.0,0.0,0.0,1.0,0.0,0.0,1.0
0.0,3.0,20.0,7.05,0.0,1.0,0.0,1.0,0.0,1.0,0.0,0.0,1.0
0.0,3.0,47.0,14.5,1.0,0.0,0.0,1.0,0.0,0.0,1.0,0.0,1.0
1.0,2.0,29.000000000000004,26.0,1.0,0.0,0.0,1.0,0.0,0.0,1.0,0.0,1.0
0.0,2.0,25.0,13.0,0.0,1.0,0.0,1.0,0.0,1.0,0.0,0.0,1.0
0.0,2.0,23.000000000000004,15.0458,0.0,1.0,0.0,0.0,0.0,1.0,0.0,0.0,1.0
1.0,1.0,19.0,26.2833,2.0,0.0,0.0,1.0,1.0,0.0,0.0,0.0,0.0
0.0,1.0,37.0,53.1,1.0,1.0,0.0,1.0,0.0,1.0,0.0,0.0,0.0
0.0,3.0,16.0,9.2167,0.0,1.0,0.0,1.0,0.0,1.0,0.0,0.0,1.0
0.0,1.0,24.0,79.2,0.0,1.0,0.0,0.0,0.0,1.0,0.0,0.0,0.0
0.0,3.0,41.42826977768696,15.2458,2.0,0.0,0.0,0.0,0.0,0.0,1.0,0.0,1.0
1.0,3.0,21.999999999999996,7.75,0.0,0.0,0.0,1.0,1.0,0.0,0.0,0.0,1.0
1.0,3.0,24.0,15.85,1.0,0.0,0.0,1.0,0.0,0.0,1.0,0.0,1.0
0.0,3.0,19.0,6.75,0.0,1.0,1.0,0.0,0.0,1.0,0.0,0.0,1.0
0.0,2.0,18.0,11.5,0.0,1.0,0.0,1.0,0.0,1.0,0.0,0.0,1.0
0.0,2.0,19.0,36.75,2.0,1.0,0.0,1.0,0.0,1.0,0.0,0.0,1.0
1.0,3.0,27.0,7.7958,0.0,1.0,0.0,1.0,0.0,1.0,0.0,0.0,1.0
0.0,3.0,9.0,34.375,4.0,0.0,0.0,1.0,1.0,0.0,0.0,0.0,1.0
0.0,2.0,36.5,26.0,2.0,1.0,0.0,1.0,0.0,1.0,0.0,0.0,0.0
0.0,2.0,42.0,13.0,0.0,1.0,0.0,1.0,0.0,0.0,0.0,1.0,1.0
0.0,2.0,50.99999999999999,12.525,0.0,1.0,0.0,1.0,0.0,0.0,0.0,1.0,1.0
1.0,1.0,21.999999999999996,66.6,1.0,0.0,0.0,1.0,0.0,0.0,1.0,0.0,0.0
0.0,3.0,55.50000000000001,8.05,0.0,1.0,0.0,1.0,0.0,1.0,0.0,0.0,1.0
0.0,3.0,40.5,14.5,2.0,1.0,0.0,1.0,0.0,1.0,0.0,0.0,1.0
0.0,3.0,29.500000021541226,7.3125,0.0,1.0,0.0,1.0,0.0,1.0,0.0,0.0,1.0
0.0,1.0,50.99999999999999,61.3792,1.0,1.0,0.0,0.0,0.0,1.0,0.0,0.0,1.0
1.0,3.0,16.0,7.7333,0.0,0.0,1.0,0.0,1.0,0.0,0.0,0.0,1.0
0.0,3.0,30.0,8.05,0.0,1.0,0.0,1.0,0.0,1.0,0.0,0.0,1.0
0.0,3.0,17.0,8.6625,0.0,1.0,0.0,1.0,0.0,1.0,0.0,0.0,1.0
0.0,3.0,6.834079465702851,69.55,10.0,1.0,0.0,1.0,0.0,0.0,0.0,0.0,1.0
0.0,3.0,43.99999999999999,16.1,1.0,1.0,0.0,1.0,0.0,1.0,0.0,0.0,1.0
1.0,2.0,40.0,15.75,0.0,0.0,0.0,1.0,0.0,0.0,1.0,0.0,1.0
0.0,3.0,26.0,7.775,0.0,1.0,0.0,1.0,0.0,1.0,0.0,0.0,1.0
0.0,3.0,17.0,8.6625,0.0,1.0,0.0,1.0,0.0,1.0,0.0,0.0,1.0
0.0,3.0,1.0,39.6875,5.0,1.0,0.0,1.0,0.0,0.0,0.0,0.0,1.0
1.0,3.0,9.0,20.525,2.0,1.0,0.0,1.0,0.0,0.0,0.0,0.0,1.0
1.0,1.0,32.553090855658525,55.0,1.0,0.0,0.0,1.0,0.0,0.0,1.0,0.0,0.0
0.0,3.0,45.0,27.9,5.0,0.0,0.0,1.0,0.0,0.0,1.0,0.0,1.0
0.0,1.0,62.910539509167265,25.925,0.0,1.0,0.0,1.0,0.0,1.0,0.0,0.0,1.0
0.0,3.0,28.0,56.4958,0.0,1.0,0.0,1.0,0.0,1.0,0.0,0.0,1.0
0.0,1.0,61.0,33.5,0.0,1.0,0.0,1.0,0.0,1.0,0.0,0.0,0.0
0.0,3.0,4.0,29.125,5.0,1.0,1.0,0.0,0.0,0.0,0.0,0.0,1.0
1.0,3.0,1.0,11.1333,2.0,0.0,0.0,1.0,1.0,0.0,0.0,0.0,1.0
0.0,3.0,21.0,7.925,0.0,1.0,0.0,1.0,0.0,1.0,0.0,0.0,1.0
0.0,1.0,56.0,30.6958,0.0,1.0,0.0,0.0,0.0,1.0,0.0,0.0,0.0
0.0,3.0,18.0,7.8542,2.0,1.0,0.0,1.0,0.0,1.0,0.0,0.0,1.0
0.0,3.0,2.5788803071033164,25.4667,4.0,1.0,0.0,1.0,0.0,0.0,0.0,0.0,1.0
0.0,1.0,50.0,28.7125,0.0,0.0,0.0,0.0,1.0,0.0,0.0,0.0,0.0
0.0,2.0,30.0,13.0,0.0,1.0,0.0,1.0,0.0,1.0,0.0,0.0,1.0
0.0,3.0,36.0,0.0,0.0,1.0,0.0,1.0,0.0,1.0,0.0,0.0,1.0
0.0,3.0,9.260820578505998,69.55,10.0,0.0,0.0,1.0,1.0,0.0,0.0,0.0,1.0
0.0,2.0,23.002110168719113,15.05,0.0,1.0,0.0,0.0,0.0,1.0,0.0,0.0,1.0
0.0,3.0,9.0,31.3875,6.000000000000001,1.0,0.0,1.0,0.0,0.0,0.0,0.0,1.0
1.0,2.0,1.0,39.0,3.0000000000000004,1.0,0.0,1.0,0.0,0.0,0.0,0.0,0.0
1.0,3.0,4.0,22.025,2.0,0.0,0.0,1.0,1.0,0.0,0.0,0.0,1.0
0.0,1.0,38.073953775931464,50.0,0.0,1.0,0.0,1.0,0.0,1.0,0.0,0.0,0.0
1.0,3.0,27.645450055315532,15.5,1.0,0.0,1.0,0.0,0.0,0.0,1.0,0.0,1.0
1.0,1.0,45.0,26.55,0.0,1.0,0.0,1.0,0.0,1.0,0.0,0.0,1.0
0.0,3.0,40.0,15.5,2.0,1.0,1.0,0.0,0.0,1.0,0.0,0.0,1.0
0.0,3.0,36.0,7.8958,0.0,1.0,0.0,1.0,0.0,1.0,0.0,0.0,1.0
1.0,2.0,32.0,13.0,0.0,0.0,0.0,1.0,0.0,0.0,1.0,0.0,1.0
0.0,2.0,19.0,13.0,0.0,1.0,0.0,1.0,0.0,1.0,0.0,0.0,1.0
1.0,3.0,19.0,7.8542,1.0,0.0,0.0,1.0,1.0,0.0,0.0,0.0,1.0
1.0,2.0,3.0,26.0,2.0,1.0,0.0,1.0,0.0,0.0,0.0,0.0,0.0
1.0,1.0,43.99999999999999,27.7208,0.0,0.0,0.0,0.0,0.0,0.0,1.0,0.0,0.0
1.0,1.0,58.00000000000001,146.5208,0.0,0.0,0.0,0.0,1.0,0.0,0.0,0.0,0.0
0.0,3.0,47.666666666666664,7.75,0.0,1.0,1.0,0.0,0.0,1.0,0.0,0.0,1.0
0.0,3.0,42.0,8.4042,1.0,1.0,0.0,1.0,0.0,1.0,0.0,0.0,1.0
1.0,3.0,21.999999999999996,7.75,0.0,0.0,1.0,0.0,1.0,0.0,0.0,0.0,1.0
0.0,2.0,24.0,13.0,0.0,0.0,0.0,1.0,1.0,0.0,0.0,0.0,1.0
0.0,3.0,28.0,9.5,0.0,1.0,0.0,1.0,0.0,1.0,0.0,0.0,1.0
0.0,3.0,23.975456541101856,69.55,10.0,1.0,0.0,1.0,0.0,1.0,0.0,0.0,1.0
0.0,3.0,34.0,6.4958,0.0,1.0,0.0,1.0,0.0,1.0,0.0,0.0,1.0
0.0,3.0,45.5,7.225,0.0,1.0,0.0,0.0,0.0,1.0,0.0,0.0,1.0
1.0,3.0,18.0,8.05,0.0,1.0,0.0,1.0,0.0,1.0,0.0,0.0,1.0
0.0,3.0,2.0,10.4625,1.0,0.0,0.0,1.0,1.0,0.0,0.0,0.0,0.0
0.0,3.0,32.0,15.85,1.0,1.0,0.0,1.0,0.0,1.0,0.0,0.0,1.0
1.0,3.0,26.0,18.7875,0.0,1.0,0.0,0.0,0.0,1.0,0.0,0.0,1.0
1.0,3.0,16.0,7.75,0.0,0.0,1.0,0.0,1.0,0.0,0.0,0.0,1.0
1.0,1.0,40.0,31.0,0.0,1.0,0.0,0.0,0.0,1.0,0.0,0.0,0.0
0.0,3.0,24.0,7.05,0.0,1.0,0.0,1.0,0.0,1.0,0.0,0.0,1.0
1.0,2.0,35.0,21.0,0.0,0.0,0.0,1.0,1.0,0.0,0.0,0.0,1.0
0.0,3.0,21.999999999999996,7.25,0.0,1.0,0.0,1.0,0.0,1.0,0.0,0.0,1.0
0.0,2.0,30.0,13.0,0.0,1.0,0.0,1.0,0.0,1.0,0.0,0.0,1.0
0.0,3.0,47.799999999999955,7.75,1.0,1.0,1.0,0.0,0.0,1.0,0.0,0.0,1.0
1.0,1.0,31.0,113.275,1.0,0.0,0.0,0.0,1.0,0.0,0.0,0.0,0.0
1.0,3.0,27.0,7.925,0.0,0.0,0.0,1.0,1.0,0.0,0.0,0.0,1.0
0.0,2.0,42.0,27.0,1.0,1.0,0.0,1.0,0.0,1.0,0.0,0.0,1.0
1.0,1.0,32.0,76.2917,0.0,0.0,0.0,0.0,1.0,0.0,0.0,0.0,0.0
0.0,2.0,30.0,10.5,0.0,1.0,0.0,1.0,0.0,1.0,0.0,0.0,1.0
1.0,3.0,16.0,8.05,0.0,1.0,0.0,1.0,0.0,1.0,0.0,0.0,1.0
0.0,2.0,27.0,13.0,0.0,1.0,0.0,1.0,0.0,1.0,0.0,0.0,1.0
0.0,3.0,50.99999999999999,8.05,0.0,1.0,0.0,1.0,0.0,1.0,0.0,0.0,1.0
0.0,3.0,25.2,7.8958,0.0,1.0,0.0,1.0,0.0,1.0,0.0,0.0,1.0
1.0,1.0,38.0,90.0,1.0,1.0,0.0,1.0,0.0,1.0,0.0,0.0,0.0
0.0,3.0,21.999999999999996,9.35,0.0,1.0,0.0,1.0,0.0,1.0,0.0,0.0,1.0
1.0,2.0,19.0,10.5,0.0,1.0,0.0,1.0,0.0,1.0,0.0,0.0,1.0
0.0,3.0,20.5,7.25,0.0,1.0,0.0,1.0,0.0,1.0,0.0,0.0,1.0
0.0,2.0,18.0,13.0,0.0,1.0,0.0,1.0,0.0,1.0,0.0,0.0,1.0
0.0,3.0,8.451918096105523,25.4667,4.0,0.0,0.0,1.0,1.0,0.0,0.0,0.0,1.0
1.0,1.0,35.0,83.475,1.0,0.0,0.0,1.0,0.0,0.0,1.0,0.0,0.0
0.0,3.0,29.000000000000004,7.775,0.0,1.0,0.0,1.0,0.0,1.0,0.0,0.0,1.0
0.0,2.0,59.0,13.5,0.0,1.0,0.0,1.0,0.0,1.0,0.0,0.0,1.0
1.0,3.0,5.0,31.3875,6.000000000000001,0.0,0.0,1.0,1.0,0.0,0.0,0.0,1.0
0.0,2.0,24.0,10.5,0.0,1.0,0.0,1.0,0.0,1.0,0.0,0.0,1.0
0.0,3.0,27.563212833819485,7.55,0.0,0.0,0.0,1.0,1.0,0.0,0.0,0.0,1.0
0.0,2.0,43.99999999999999,26.0,1.0,1.0,0.0,1.0,0.0,1.0,0.0,0.0,1.0
1.0,2.0,8.0,26.25,2.0,0.0,0.0,1.0,1.0,0.0,0.0,0.0,1.0
0.0,2.0,19.0,10.5,0.0,1.0,0.0,1.0,0.0,1.0,0.0,0.0,1.0
0.0,2.0,33.0,12.275,0.0,1.0,0.0,1.0,0.0,1.0,0.0,0.0,1.0
0.0,3.0,18.0,14.4542,1.0,0.0,0.0,0.0,1.0,0.0,0.0,0.0,1.0
1.0,3.0,17.599707097128658,15.5,1.0,0.0,1.0,0.0,1.0,0.0,0.0,0.0,1.0
0.0,2.0,29.000000000000004,10.5,0.0,1.0,0.0,1.0,0.0,1.0,0.0,0.0,1.0
0.0,3.0,21.999999999999996,7.125,0.0,1.0,0.0,1.0,0.0,1.0,0.0,0.0,1.0
0.0,3.0,30.0,7.225,0.0,1.0,0.0,0.0,0.0,1.0,0.0,0.0,1.0
0.0,1.0,43.99999999999999,90.0,2.0,1.0,1.0,0.0,0.0,0.0,0.0,1.0,0.0
0.0,3.0,25.0,7.775,0.0,0.0,0.0,1.0,1.0,0.0,0.0,0.0,1.0
1.0,2.0,24.0,14.5,2.0,0.0,0.0,1.0,0.0,0.0,1.0,0.0,1.0
1.0,1.0,37.0,52.5542,2.0,1.0,0.0,1.0,0.0,1.0,0.0,0.0,0.0
0.0,2.0,54.0,26.0,1.0,1.0,0.0,1.0,0.0,0.0,0.0,1.0,1.0
0.0,3.0,35.0,7.25,0.0,1.0,0.0,1.0,0.0,1.0,0.0,0.0,1.0
0.0,3.0,29.000000000000004,10.4625,2.0,0.0,0.0,1.0,0.0,0.0,1.0,0.0,0.0
0.0,1.0,62.0,26.55,0.0,1.0,0.0,1.0,0.0,1.0,0.0,0.0,0.0
0.0,3.0,30.0,16.1,1.0,1.0,0.0,1.0,0.0,1.0,0.0,0.0,1.0
0.0,3.0,41.0,20.2125,2.0,0.0,0.0,1.0,0.0,0.0,1.0,0.0,1.0
1.0,3.0,29.000000000000004,15.2458,2.0,0.0,0.0,0.0,0.0,0.0,1.0,0.0,1.0
1.0,1.0,43.075328632135296,79.2,0.0,0.0,0.0,0.0,0.0,0.0,1.0,0.0,1.0
1.0,1.0,30.0,86.5,0.0,0.0,0.0,1.0,1.0,0.0,0.0,0.0,0.0
1.0,1.0,35.0,512.3292,0.0,0.0,0.0,0.0,1.0,0.0,0.0,0.0,1.0
1.0,2.0,50.0,26.0,1.0,0.0,0.0,1.0,0.0,0.0,1.0,0.0,1.0
0.0,3.0,47.666666666666664,7.75,0.0,1.0,1.0,0.0,0.0,1.0,0.0,0.0,1.0
1.0,3.0,3.0,31.3875,6.000000000000001,1.0,0.0,1.0,0.0,0.0,0.0,0.0,1.0
0.0,1.0,52.0,79.65,2.0,1.0,0.0,1.0,0.0,1.0,0.0,0.0,0.0
0.0,1.0,40.0,0.0,0.0,1.0,0.0,1.0,0.0,1.0,0.0,0.0,0.0
0.0,3.0,21.0,7.75,0.0,0.0,1.0,0.0,1.0,0.0,0.0,0.0,1.0
0.0,2.0,36.0,10.5,0.0,1.0,0.0,1.0,0.0,1.0,0.0,0.0,1.0
0.0,3.0,16.0,39.6875,5.0,1.0,0.0,1.0,0.0,1.0,0.0,0.0,1.0
1.0,3.0,25.0,7.775,1.0,1.0,0.0,1.0,0.0,1.0,0.0,0.0,1.0
1.0,1.0,58.00000000000001,153.4625,1.0,0.0,0.0,1.0,0.0,0.0,1.0,0.0,0.0
1.0,1.0,35.0,135.6333,0.0,0.0,0.0,1.0,1.0,0.0,0.0,0.0,0.0
0.0,1.0,57.310752493274734,31.0,0.0,1.0,0.0,1.0,0.0,1.0,0.0,0.0,1.0
1.0,3.0,25.0,0.0,0.0,1.0,0.0,1.0,0.0,1.0,0.0,0.0,1.0
1.0,2.0,41.0,19.5,1.0,0.0,0.0,1.0,0.0,0.0,1.0,0.0,1.0
0.0,1.0,37.0,29.7,1.0,1.0,0.0,0.0,0.0,1.0,0.0,0.0,0.0
1.0,3.0,21.999999999999996,7.75,0.0,0.0,1.0,0.0,1.0,0.0,0.0,0.0,1.0
1.0,1.0,62.99999999999999,77.9583,1.0,0.0,0.0,1.0,1.0,0.0,0.0,0.0,0.0
0.0,3.0,45.0,7.75,0.0,0.0,0.0,1.0,1.0,0.0,0.0,0.0,1.0
0.0,2.0,36.79999999999974,0.0,0.0,1.0,0.0,1.0,0.0,1.0,0.0,0.0,1.0
0.0,3.0,7.0,29.125,5.0,1.0,1.0,0.0,0.0,0.0,0.0,0.0,1.0
1.0,3.0,35.0,20.25,2.0,0.0,0.0,1.0,0.0,0.0,1.0,0.0,1.0
0.0,3.0,65.0,7.75,0.0,1.0,1.0,0.0,0.0,1.0,0.0,0.0,1.0
0.0,3.0,28.0,7.8542,0.0,1.0,0.0,1.0,0.0,1.0,0.0,0.0,1.0
0.0,3.0,16.0,9.5,0.0,1.0,0.0,1.0,0.0,1.0,0.0,0.0,1.0
1.0,3.0,19.0,8.05,0.0,1.0,0.0,1.0,0.0,1.0,0.0,0.0,1.0
0.0,1.0,55.181079248441016,26.0,0.0,1.0,0.0,1.0,0.0,1.0,0.0,0.0,0.0
0.0,3.0,33.0,8.6625,0.0,1.0,0.0,0.0,0.0,1.0,0.0,0.0,1.0
1.0,3.0,30.0,9.5,0.0,1.0,0.0,1.0,0.0,1.0,0.0,0.0,1.0
0.0,3.0,21.999999999999996,7.8958,0.0,1.0,0.0,1.0,0.0,1.0,0.0,0.0,1.0
1.0,2.0,42.0,13.0,0.0,1.0,0.0,1.0,0.0,1.0,0.0,0.0,1.0
1.0,3.0,21.999999999999996,7.75,0.0,0.0,1.0,0.0,1.0,0.0,0.0,0.0,1.0
1.0,1.0,26.0,78.85,0.0,0.0,0.0,1.0,1.0,0.0,0.0,0.0,1.0
1.0,1.0,19.0,91.0792,1.0,0.0,0.0,0.0,0.0,0.0,1.0,0.0,0.0
0.0,2.0,36.0,12.875,0.0,1.0,0.0,0.0,0.0,1.0,0.0,0.0,0.0
0.0,3.0,24.0,8.85,0.0,0.0,0.0,1.0,1.0,0.0,0.0,0.0,1.0
0.0,3.0,24.0,7.8958,0.0,1.0,0.0,1.0,0.0,1.0,0.0,0.0,1.0
0.0,1.0,53.620377325044466,27.7208,0.0,1.0,0.0,0.0,0.0,1.0,0.0,0.0,1.0
0.0,3.0,23.5,7.2292,0.0,1.0,0.0,0.0,0.0,1.0,0.0,0.0,1.0
0.0,1.0,2.0,151.55,3.0000000000000004,0.0,0.0,1.0,1.0,0.0,0.0,0.0,0.0
1.0,1.0,66.90935650301309,30.5,0.0,1.0,0.0,1.0,0.0,1.0,0.0,0.0,0.0
1.0,1.0,50.0,247.5208,1.0,0.0,0.0,0.0,0.0,0.0,1.0,0.0,0.0
1.0,3.0,21.999999999999996,7.75,0.0,0.0,1.0,0.0,1.0,0.0,0.0,0.0,1.0
1.0,3.0,28.894215904226247,23.25,2.0,1.0,1.0,0.0,0.0,1.0,0.0,0.0,1.0
0.0,3.0,19.0,0.0,0.0,1.0,0.0,1.0,0.0,1.0,0.0,0.0,1.0
1.0,2.0,25.547428091212872,12.35,0.0,0.0,1.0,0.0,1.0,0.0,0.0,0.0,0.0
0.0,3.0,35.800000000000004,8.05,0.0,1.0,0.0,1.0,0.0,1.0,0.0,0.0,1.0
1.0,1.0,0.92,151.55,3.0000000000000004,1.0,0.0,1.0,0.0,0.0,0.0,0.0,0.0
1.0,1.0,30.17722135596864,110.8833,0.0,0.0,0.0,0.0,1.0,0.0,0.0,0.0,1.0
1.0,1.0,17.0,108.9,1.0,0.0,0.0,0.0,0.0,0.0,1.0,0.0,0.0
0.0,2.0,30.0,24.0,1.0,1.0,0.0,0.0,0.0,1.0,0.0,0.0,1.0
1.0,1.0,30.0,56.9292,0.0,0.0,0.0,0.0,1.0,0.0,0.0,0.0,0.0
1.0,1.0,24.0,83.1583,0.0,0.0,0.0,0.0,1.0,0.0,0.0,0.0,0.0
1.0,1.0,18.0,262.375,4.0,0.0,0.0,0.0,1.0,0.0,0.0,0.0,0.0
0.0,2.0,26.0,26.0,2.0,0.0,0.0,1.0,0.0,0.0,1.0,0.0,1.0
0.0,3.0,28.0,7.8958,0.0,1.0,0.0,1.0,0.0,1.0,0.0,0.0,1.0
0.0,2.0,43.0,26.25,2.0,1.0,0.0,1.0,0.0,1.0,0.0,0.0,1.0
1.0,3.0,26.0,7.8542,0.0,0.0,0.0,1.0,1.0,0.0,0.0,0.0,1.0
1.0,2.0,24.0,26.0,1.0,0.0,0.0,1.0,0.0,0.0,1.0,0.0,1.0
0.0,2.0,54.0,14.0,0.0,1.0,0.0,1.0,0.0,0.0,0.0,1.0,1.0
1.0,1.0,31.0,164.8667,2.0,0.0,0.0,1.0,1.0,0.0,0.0,0.0,0.0
1.0,1.0,40.0,134.5,2.0,0.0,0.0,0.0,0.0,0.0,1.0,0.0,0.0
0.0,3.0,21.999999999999996,7.25,0.0,1.0,0.0,1.0,0.0,1.0,0.0,0.0,1.0
0.0,3.0,27.0,7.8958,0.0,1.0,0.0,1.0,0.0,1.0,0.0,0.0,1.0
1.0,2.0,30.0,12.35,0.0,0.0,1.0,0.0,1.0,0.0,0.0,0.0,1.0
1.0,2.0,21.999999999999996,29.0,2.0,0.0,0.0,1.0,0.0,0.0,1.0,0.0,1.0
0.0,3.0,23.975456541101856,69.55,10.0,1.0,0.0,1.0,0.0,1.0,0.0,0.0,1.0
1.0,1.0,36.0,135.6333,0.0,0.0,0.0,0.0,1.0,0.0,0.0,0.0,0.0
0.0,3.0,61.0,6.2375,0.0,1.0,0.0,1.0,0.0,1.0,0.0,0.0,1.0
1.0,2.0,36.0,13.0,0.0,0.0,0.0,1.0,0.0,0.0,1.0,0.0,0.0
1.0,3.0,31.0,20.525,2.0,0.0,0.0,1.0,0.0,0.0,1.0,0.0,1.0
1.0,1.0,16.0,57.9792,1.0,0.0,0.0,0.0,1.0,0.0,0.0,0.0,0.0
1.0,3.0,17.59985196493498,23.25,2.0,0.0,1.0,0.0,1.0,0.0,0.0,0.0,1.0
0.0,1.0,45.5,28.5,0.0,1.0,0.0,1.0,0.0,1.0,0.0,0.0,0.0
0.0,1.0,38.0,153.4625,1.0,1.0,0.0,1.0,0.0,1.0,0.0,0.0,0.0
0.0,3.0,16.0,18.0,2.0,1.0,0.0,1.0,0.0,1.0,0.0,0.0,1.0
1.0,1.0,40.37536774618294,133.65,1.0,0.0,0.0,1.0,0.0,0.0,1.0,0.0,1.0
0.0,3.0,25.2,7.8958,0.0,1.0,0.0,1.0,0.0,1.0,0.0,0.0,1.0
0.0,1.0,29.000000000000004,66.6,1.0,1.0,0.0,1.0,0.0,1.0,0.0,0.0,0.0
1.0,1.0,41.0,134.5,0.0,0.0,0.0,0.0,1.0,0.0,0.0,0.0,0.0
1.0,3.0,45.0,8.05,0.0,1.0,0.0,1.0,0.0,1.0,0.0,0.0,1.0
0.0,1.0,45.0,35.5,0.0,1.0,0.0,1.0,0.0,1.0,0.0,0.0,0.0
1.0,2.0,2.0,26.0,2.0,1.0,0.0,1.0,0.0,0.0,0.0,0.0,0.0
1.0,1.0,24.0,263.0,5.0,0.0,0.0,1.0,1.0,0.0,0.0,0.0,0.0
0.0,2.0,28.0,13.0,0.0,1.0,0.0,1.0,0.0,1.0,0.0,0.0,1.0
0.0,2.0,25.0,13.0,0.0,1.0,0.0,1.0,0.0,1.0,0.0,0.0,1.0
0.0,2.0,36.0,13.0,0.0,1.0,0.0,1.0,0.0,1.0,0.0,0.0,1.0
1.0,2.0,24.0,13.0,0.0,0.0,0.0,1.0,1.0,0.0,0.0,0.0,0.0
1.0,2.0,40.0,13.0,0.0,0.0,0.0,1.0,1.0,0.0,0.0,0.0,1.0
1.0,3.0,25.753736446113496,16.1,1.0,0.0,0.0,1.0,0.0,0.0,1.0,0.0,1.0
1.0,3.0,3.0,15.9,2.0,1.0,0.0,1.0,0.0,0.0,0.0,0.0,1.0
0.0,3.0,42.0,8.6625,0.0,1.0,0.0,1.0,0.0,1.0,0.0,0.0,1.0
0.0,3.0,23.000000000000004,9.225,0.0,1.0,0.0,1.0,0.0,1.0,0.0,0.0,1.0
0.0,1.0,49.429052937073756,35.0,0.0,1.0,0.0,1.0,0.0,1.0,0.0,0.0,0.0
0.0,3.0,15.0,7.2292,2.0,1.0,0.0,0.0,0.0,1.0,0.0,0.0,1.0
0.0,3.0,25.0,17.8,1.0,1.0,0.0,1.0,0.0,1.0,0.0,0.0,1.0
0.0,3.0,27.5,7.225,0.0,1.0,0.0,0.0,0.0,1.0,0.0,0.0,1.0
0.0,3.0,28.0,9.5,0.0,1.0,0.0,1.0,0.0,1.0,0.0,0.0,1.0
1.0,1.0,21.999999999999996,55.0,1.0,0.0,0.0,1.0,1.0,0.0,0.0,0.0,0.0
0.0,2.0,38.0,13.0,0.0,0.0,0.0,1.0,1.0,0.0,0.0,0.0,1.0
1.0,3.0,19.0,7.8792,0.0,0.0,1.0,0.0,1.0,0.0,0.0,0.0,1.0
1.0,3.0,19.0,7.8792,0.0,0.0,1.0,0.0,1.0,0.0,0.0,0.0,1.0
0.0,3.0,40.0,27.9,5.0,1.0,0.0,1.0,0.0,1.0,0.0,0.0,1.0
0.0,2.0,29.000000000000004,27.7208,1.0,1.0,0.0,0.0,0.0,1.0,0.0,0.0,1.0
0.0,3.0,45.0,14.4542,1.0,0.0,0.0,0.0,0.0,0.0,1.0,0.0,1.0
0.0,3.0,35.0,7.05,0.0,1.0,0.0,1.0,0.0,1.0,0.0,0.0,1.0
0.0,3.0,42.793643577010776,15.5,1.0,1.0,1.0,0.0,0.0,1.0,0.0,0.0,1.0
0.0,3.0,30.0,7.25,0.0,1.0,0.0,1.0,0.0,1.0,0.0,0.0,1.0
1.0,1.0,60.0,75.25,1.0,0.0,0.0,0.0,0.0,0.0,1.0,0.0,0.0
1.0,3.0,20.56870890042856,7.2292,0.0,0.0,0.0,0.0,0.0,0.0,1.0,0.0,1.0
1.0,3.0,21.999999999999996,7.75,0.0,0.0,1.0,0.0,1.0,0.0,0.0,0.0,1.0
1.0,1.0,24.0,69.3,0.0,0.0,0.0,0.0,0.0,0.0,0.0,1.0,0.0
1.0,1.0,25.0,55.4417,1.0,1.0,0.0,0.0,0.0,1.0,0.0,0.0,0.0
0.0,3.0,18.0,6.4958,1.0,1.0,0.0,1.0,0.0,1.0,0.0,0.0,1.0
0.0,3.0,19.0,8.05,0.0,1.0,0.0,1.0,0.0,1.0,0.0,0.0,1.0
0.0,1.0,21.999999999999996,135.6333,0.0,1.0,0.0,0.0,0.0,1.0,0.0,0.0,1.0
0.0,3.0,3.0,21.075,4.0,0.0,0.0,1.0,1.0,0.0,0.0,0.0,1.0
1.0,1.0,47.64396447219703,82.1708,1.0,0.0,0.0,0.0,0.0,0.0,1.0,0.0,1.0
1.0,3.0,21.999999999999996,7.25,0.0,0.0,0.0,1.0,1.0,0.0,0.0,0.0,1.0
0.0,1.0,27.0,211.5,2.0,1.0,0.0,0.0,0.0,1.0,0.0,0.0,0.0
0.0,3.0,20.0,4.0125,0.0,1.0,0.0,0.0,0.0,1.0,0.0,0.0,1.0
0.0,3.0,19.0,7.775,0.0,1.0,0.0,1.0,0.0,1.0,0.0,0.0,1.0
1.0,1.0,42.0,227.525,0.0,0.0,0.0,0.0,1.0,0.0,0.0,0.0,1.0
1.0,3.0,1.0,15.7417,2.0,0.0,0.0,0.0,1.0,0.0,0.0,0.0,1.0
0.0,3.0,32.0,7.925,0.0,1.0,0.0,1.0,0.0,1.0,0.0,0.0,1.0
1.0,1.0,35.0,52.0,1.0,0.0,0.0,1.0,0.0,0.0,1.0,0.0,1.0
0.0,3.0,25.2,7.8958,0.0,1.0,0.0,1.0,0.0,1.0,0.0,0.0,1.0
0.0,2.0,18.0,73.5,0.0,1.0,0.0,1.0,0.0,1.0,0.0,0.0,1.0
0.0,3.0,1.0,46.9,7.0,1.0,0.0,1.0,0.0,0.0,0.0,0.0,1.0
1.0,2.0,36.0,13.0,0.0,0.0,0.0,1.0,1.0,0.0,0.0,0.0,1.0
0.0,3.0,29.899543021525794,7.7292,0.0,1.0,1.0,0.0,0.0,1.0,0.0,0.0,1.0
1.0,2.0,17.0,12.0,0.0,0.0,0.0,0.0,1.0,0.0,0.0,0.0,1.0
1.0,1.0,36.0,120.0,3.0000000000000004,1.0,0.0,1.0,0.0,1.0,0.0,0.0,0.0
1.0,3.0,21.0,7.7958,0.0,1.0,0.0,1.0,0.0,1.0,0.0,0.0,1.0
0.0,3.0,28.0,7.925,2.0,1.0,0.0,1.0,0.0,1.0,0.0,0.0,1.0
1.0,1.0,23.000000000000004,113.275,1.0,0.0,0.0,0.0,1.0,0.0,0.0,0.0,0.0
1.0,3.0,24.0,16.7,2.0,0.0,0.0,1.0,0.0,0.0,1.0,0.0,0.0
0.0,3.0,21.999999999999996,7.7958,0.0,1.0,0.0,1.0,0.0,1.0,0.0,0.0,1.0
0.0,3.0,31.0,7.8542,0.0,0.0,0.0,1.0,1.0,0.0,0.0,0.0,1.0
0.0,2.0,46.00000000000001,26.0,0.0,1.0,0.0,1.0,0.0,1.0,0.0,0.0,1.0
0.0,2.0,23.000000000000004,10.5,0.0,1.0,0.0,1.0,0.0,0.0,0.0,1.0,1.0
1.0,2.0,28.0,12.65,0.0,0.0,0.0,1.0,0.0,0.0,1.0,0.0,1.0
1.0,3.0,39.0,7.925,0.0,1.0,0.0,1.0,0.0,1.0,0.0,0.0,1.0
0.0,3.0,26.0,8.05,0.0,1.0,0.0,1.0,0.0,1.0,0.0,0.0,1.0
0.0,3.0,21.0,9.825,1.0,0.0,0.0,1.0,1.0,0.0,0.0,0.0,1.0
0.0,3.0,28.0,15.85,1.0,1.0,0.0,1.0,0.0,1.0,0.0,0.0,1.0
0.0,3.0,20.0,8.6625,0.0,0.0,0.0,1.0,1.0,0.0,0.0,0.0,1.0
0.0,2.0,34.0,21.0,1.0,1.0,0.0,1.0,0.0,1.0,0.0,0.0,1.0
0.0,3.0,50.99999999999999,7.75,0.0,1.0,0.0,1.0,0.0,1.0,0.0,0.0,1.0
1.0,2.0,3.0,18.75,2.0,1.0,0.0,1.0,0.0,0.0,0.0,0.0,1.0
0.0,3.0,21.0,7.775,0.0,1.0,0.0,1.0,0.0,1.0,0.0,0.0,1.0
0.0,3.0,8.451918096105539,25.4667,4.0,0.0,0.0,1.0,1.0,0.0,0.0,0.0,1.0
0.0,3.0,25.2,7.8958,0.0,1.0,0.0,1.0,0.0,1.0,0.0,0.0,1.0
0.0,3.0,24.92024158989725,6.8583,0.0,1.0,1.0,0.0,0.0,1.0,0.0,0.0,1.0
1.0,1.0,33.0,90.0,1.0,0.0,1.0,0.0,1.0,0.0,0.0,0.0,0.0
0.0,2.0,36.79999999999974,0.0,0.0,1.0,0.0,1.0,0.0,1.0,0.0,0.0,1.0
1.0,3.0,43.99999999999999,7.925,0.0,1.0,0.0,1.0,0.0,1.0,0.0,0.0,1.0
0.0,3.0,32.44851646556397,8.05,0.0,0.0,0.0,1.0,0.0,0.0,1.0,0.0,1.0
1.0,2.0,34.0,32.5,2.0,0.0,0.0,1.0,0.0,0.0,1.0,0.0,1.0
1.0,2.0,18.0,13.0,2.0,0.0,0.0,1.0,1.0,0.0,0.0,0.0,1.0
0.0,2.0,30.0,13.0,0.0,1.0,0.0,1.0,0.0,1.0,0.0,0.0,1.0
0.0,3.0,10.0,24.15,2.0,0.0,0.0,1.0,1.0,0.0,0.0,0.0,1.0
0.0,3.0,33.0,7.8958,0.0,1.0,0.0,0.0,0.0,1.0,0.0,0.0,1.0
0.0,3.0,21.0,7.7333,0.0,1.0,1.0,0.0,0.0,1.0,0.0,0.0,1.0
0.0,3.0,29.000000000000004,7.875,0.0,1.0,0.0,1.0,0.0,1.0,0.0,0.0,1.0
0.0,3.0,28.0,14.4,2.0,0.0,0.0,1.0,0.0,0.0,1.0,0.0,1.0
0.0,3.0,18.0,20.2125,2.0,1.0,0.0,1.0,0.0,1.0,0.0,0.0,1.0
0.0,3.0,35.0,7.25,0.0,1.0,0.0,1.0,0.0,1.0,0.0,0.0,1.0
1.0,2.0,28.0,26.0,1.0,0.0,0.0,1.0,0.0,0.0,1.0,0.0,1.0
1.0,2.0,19.0,26.0,0.0,0.0,0.0,1.0,1.0,0.0,0.0,0.0,1.0
0.0,3.0,47.666666666666664,7.75,0.0,1.0,1.0,0.0,0.0,1.0,0.0,0.0,1.0
1.0,3.0,32.0,8.05,0.0,1.0,0.0,1.0,0.0,1.0,0.0,0.0,0.0
1.0,1.0,28.0,26.55,0.0,1.0,0.0,1.0,0.0,1.0,0.0,0.0,0.0
1.0,3.0,25.753736446113496,16.1,1.0,0.0,0.0,1.0,0.0,0.0,1.0,0.0,1.0
1.0,2.0,42.0,26.0,1.0,0.0,0.0,1.0,0.0,0.0,1.0,0.0,1.0
0.0,3.0,17.0,7.125,0.0,1.0,0.0,1.0,0.0,1.0,0.0,0.0,1.0
0.0,1.0,50.0,55.9,1.0,1.0,0.0,1.0,0.0,1.0,0.0,0.0,0.0
1.0,1.0,14.0,120.0,3.0000000000000004,0.0,0.0,1.0,1.0,0.0,0.0,0.0,0.0
0.0,3.0,21.0,34.375,4.0,0.0,0.0,1.0,1.0,0.0,0.0,0.0,1.0
1.0,2.0,24.0,18.75,5.0,0.0,0.0,1.0,0.0,0.0,1.0,0.0,1.0
0.0,1.0,64.0,263.0,5.0,1.0,0.0,1.0,0.0,1.0,0.0,0.0,0.0
0.0,2.0,31.0,10.5,0.0,1.0,0.0,1.0,0.0,1.0,0.0,0.0,1.0
1.0,2.0,45.0,26.25,2.0,0.0,0.0,1.0,0.0,0.0,1.0,0.0,1.0
0.0,3.0,20.0,9.5,0.0,1.0,0.0,1.0,0.0,1.0,0.0,0.0,1.0
0.0,3.0,25.0,7.775,1.0,1.0,0.0,1.0,0.0,1.0,0.0,0.0,1.0
1.0,2.0,28.0,13.0,0.0,0.0,0.0,1.0,0.0,0.0,0.0,1.0,1.0
1.0,3.0,25.615384629838683,8.1125,0.0,1.0,0.0,1.0,0.0,1.0,0.0,0.0,1.0
1.0,1.0,4.0,81.8583,2.0,1.0,0.0,1.0,0.0,0.0,0.0,0.0,0.0
1.0,2.0,13.0,19.5,1.0,0.0,0.0,1.0,1.0,0.0,0.0,0.0,1.0
1.0,1.0,34.0,26.55,0.0,1.0,0.0,1.0,0.0,1.0,0.0,0.0,1.0
1.0,3.0,5.0,19.2583,3.0000000000000004,0.0,0.0,0.0,1.0,0.0,0.0,0.0,1.0
1.0,1.0,52.0,30.5,0.0,1.0,0.0,1.0,0.0,0.0,0.0,1.0,0.0
0.0,2.0,36.0,27.75,3.0000000000000004,1.0,0.0,1.0,0.0,1.0,0.0,0.0,1.0
0.0,3.0,30.16693706881035,19.9667,1.0,1.0,0.0,1.0,0.0,1.0,0.0,0.0,1.0
0.0,1.0,30.0,27.75,0.0,1.0,0.0,0.0,0.0,1.0,0.0,0.0,0.0
1.0,1.0,49.0,89.1042,1.0,1.0,0.0,0.0,0.0,1.0,0.0,0.0,0.0
0.0,3.0,35.800000000000004,8.05,0.0,1.0,0.0,1.0,0.0,1.0,0.0,0.0,1.0
1.0,3.0,29.000000000000004,7.8958,0.0,1.0,0.0,0.0,0.0,1.0,0.0,0.0,1.0
0.0,1.0,65.0,26.55,0.0,1.0,0.0,1.0,0.0,1.0,0.0,0.0,0.0
1.0,1.0,32.6432741636581,51.8625,1.0,0.0,0.0,1.0,0.0,0.0,1.0,0.0,0.0
1.0,2.0,50.0,10.5,0.0,0.0,0.0,1.0,1.0,0.0,0.0,0.0,1.0
0.0,3.0,47.666666666666664,7.75,0.0,1.0,1.0,0.0,0.0,1.0,0.0,0.0,1.0
1.0,1.0,48.0,26.55,0.0,1.0,0.0,1.0,0.0,1.0,0.0,0.0,0.0
0.0,3.0,34.0,8.05,0.0,1.0,0.0,1.0,0.0,1.0,0.0,0.0,1.0
0.0,1.0,47.0,38.5,0.0,1.0,0.0,1.0,0.0,1.0,0.0,0.0,0.0
0.0,2.0,48.0,13.0,0.0,1.0,0.0,1.0,0.0,1.0,0.0,0.0,1.0
0.0,3.0,35.800000000000004,8.05,0.0,1.0,0.0,1.0,0.0,1.0,0.0,0.0,1.0
0.0,3.0,38.0,7.05,0.0,1.0,0.0,1.0,0.0,1.0,0.0,0.0,1.0
0.0,2.0,36.79999999999974,0.0,0.0,1.0,0.0,1.0,0.0,1.0,0.0,0.0,1.0
0.0,1.0,56.0,26.55,0.0,1.0,0.0,1.0,0.0,1.0,0.0,0.0,1.0
0.0,3.0,32.45125061462682,7.725,0.0,1.0,1.0,0.0,0.0,1.0,0.0,0.0,1.0
1.0,3.0,0.75,19.2583,3.0000000000000004,0.0,0.0,0.0,1.0,0.0,0.0,0.0,1.0
0.0,3.0,35.0,7.25,0.0,1.0,0.0,1.0,0.0,1.0,0.0,0.0,1.0
0.0,3.0,38.0,8.6625,0.0,1.0,0.0,1.0,0.0,1.0,0.0,0.0,1.0
1.0,2.0,33.0,27.75,3.0000000000000004,0.0,0.0,1.0,0.0,0.0,1.0,0.0,1.0
1.0,2.0,23.000000000000004,13.7917,0.0,0.0,0.0,0.0,0.0,0.0,1.0,0.0,0.0
0.0,3.0,21.999999999999996,9.8375,0.0,0.0,0.0,1.0,1.0,0.0,0.0,0.0,1.0
0.0,1.0,47.0,52.0,0.0,1.0,0.0,1.0,0.0,1.0,0.0,0.0,0.0
0.0,2.0,34.0,21.0,1.0,1.0,0.0,1.0,0.0,1.0,0.0,0.0,1.0
0.0,3.0,29.000000000000004,7.0458,1.0,1.0,0.0,1.0,0.0,1.0,0.0,0.0,1.0
0.0,3.0,21.999999999999996,7.5208,0.0,1.0,0.0,1.0,0.0,1.0,0.0,0.0,1.0
1.0,3.0,2.0,12.2875,1.0,0.0,0.0,1.0,1.0,0.0,0.0,0.0,1.0
0.0,3.0,9.0,46.9,7.0,1.0,0.0,1.0,0.0,0.0,0.0,0.0,1.0
0.0,2.0,36.79999999999974,0.0,0.0,1.0,0.0,1.0,0.0,1.0,0.0,0.0,1.0
0.0,3.0,50.0,8.05,0.0,1.0,0.0,1.0,0.0,1.0,0.0,0.0,1.0
1.0,3.0,62.99999999999999,9.5875,0.0,0.0,0.0,1.0,0.0,0.0,1.0,0.0,1.0
1.0,1.0,25.0,91.0792,1.0,1.0,0.0,0.0,0.0,1.0,0.0,0.0,0.0
0.0,3.0,8.451918096105539,25.4667,4.0,0.0,0.0,1.0,1.0,0.0,0.0,0.0,1.0
1.0,1.0,35.0,90.0,1.0,0.0,0.0,1.0,0.0,0.0,1.0,0.0,0.0
0.0,1.0,58.00000000000001,29.7,0.0,1.0,0.0,0.0,0.0,1.0,0.0,0.0,0.0
0.0,3.0,30.0,8.05,0.0,1.0,0.0,1.0,0.0,1.0,0.0,0.0,1.0
1.0,3.0,9.0,15.9,2.0,1.0,0.0,1.0,0.0,0.0,0.0,0.0,1.0
0.0,3.0,30.16693706881035,19.9667,1.0,1.0,0.0,1.0,0.0,1.0,0.0,0.0,1.0
0.0,3.0,21.0,7.25,0.0,1.0,0.0,1.0,0.0,1.0,0.0,0.0,1.0
0.0,1.0,55.0,30.5,0.0,1.0,0.0,1.0,0.0,1.0,0.0,0.0,0.0
0.0,1.0,71.0,49.5042,0.0,1.0,0.0,0.0,0.0,1.0,0.0,0.0,1.0
0.0,3.0,21.0,8.05,0.0,1.0,0.0,1.0,0.0,1.0,0.0,0.0,1.0
0.0,3.0,25.80534180601175,14.4583,0.0,1.0,0.0,0.0,0.0,1.0,0.0,0.0,1.0
1.0,1.0,54.0,78.2667,1.0,0.0,0.0,0.0,1.0,0.0,0.0,0.0,0.0
0.0,3.0,21.87948710066286,15.1,0.0,1.0,0.0,1.0,0.0,1.0,0.0,0.0,1.0
0.0,1.0,25.0,151.55,3.0000000000000004,0.0,0.0,1.0,0.0,0.0,1.0,0.0,0.0
0.0,3.0,24.0,7.7958,0.0,1.0,0.0,1.0,0.0,1.0,0.0,0.0,1.0
0.0,3.0,17.0,8.6625,0.0,1.0,0.0,1.0,0.0,1.0,0.0,0.0,1.0
0.0,3.0,21.0,7.75,0.0,0.0,1.0,0.0,1.0,0.0,0.0,0.0,1.0
0.0,3.0,25.250430241041727,7.6292,0.0,0.0,1.0,0.0,1.0,0.0,0.0,0.0,1.0
0.0,3.0,37.0,9.5875,0.0,0.0,0.0,1.0,1.0,0.0,0.0,0.0,1.0
1.0,1.0,16.0,86.5,0.0,0.0,0.0,1.0,1.0,0.0,0.0,0.0,0.0
0.0,1.0,18.0,108.9,1.0,1.0,0.0,0.0,0.0,1.0,0.0,0.0,0.0
1.0,2.0,33.0,26.0,2.0,0.0,0.0,1.0,0.0,0.0,1.0,0.0,1.0
1.0,1.0,45.0,26.55,0.0,1.0,0.0,1.0,0.0,1.0,0.0,0.0,1.0
0.0,3.0,28.0,22.525,0.0,1.0,0.0,1.0,0.0,1.0,0.0,0.0,1.0
1.0,3.0,26.0,56.4958,0.0,1.0,0.0,1.0,0.0,1.0,0.0,0.0,1.0
1.0,3.0,29.000000000000004,7.75,0.0,1.0,1.0,0.0,0.0,1.0,0.0,0.0,1.0
0.0,3.0,35.800000000000004,8.05,0.0,1.0,0.0,1.0,0.0,1.0,0.0,0.0,1.0
1.0,1.0,36.0,26.2875,0.0,1.0,0.0,1.0,0.0,1.0,0.0,0.0,0.0
1.0,1.0,54.0,59.4,1.0,0.0,0.0,0.0,0.0,0.0,1.0,0.0,1.0
0.0,3.0,24.0,7.4958,0.0,1.0,0.0,1.0,0.0,1.0,0.0,0.0,1.0
0.0,1.0,47.0,34.0208,0.0,1.0,0.0,1.0,0.0,1.0,0.0,0.0,0.0
1.0,2.0,34.0,10.5,0.0,0.0,0.0,1.0,0.0,0.0,1.0,0.0,0.0
0.0,3.0,47.79999999999959,24.15,0.0,1.0,1.0,0.0,0.0,1.0,0.0,0.0,1.0
1.0,2.0,36.0,26.0,1.0,0.0,0.0,1.0,0.0,0.0,1.0,0.0,1.0
0.0,3.0,32.0,7.8958,0.0,1.0,0.0,1.0,0.0,1.0,0.0,0.0,1.0
1.0,1.0,30.0,93.5,0.0,0.0,0.0,1.0,1.0,0.0,0.0,0.0,0.0
0.0,3.0,21.999999999999996,7.8958,0.0,1.0,0.0,1.0,0.0,1.0,0.0,0.0,1.0
0.0,3.0,27.5,7.225,0.0,1.0,0.0,0.0,0.0,1.0,0.0,0.0,1.0
1.0,1.0,43.99999999999999,57.9792,1.0,0.0,0.0,0.0,0.0,0.0,1.0,0.0,0.0
0.0,3.0,26.0,7.2292,0.0,1.0,0.0,0.0,0.0,1.0,0.0,0.0,1.0
0.0,3.0,40.5,7.75,0.0,1.0,1.0,0.0,0.0,1.0,0.0,0.0,1.0
1.0,2.0,50.0,10.5,0.0,0.0,0.0,1.0,1.0,0.0,0.0,0.0,1.0
0.0,1.0,38.72833595607085,221.7792,0.0,1.0,0.0,1.0,0.0,1.0,0.0,0.0,0.0
0.0,3.0,39.0,7.925,0.0,1.0,0.0,1.0,0.0,1.0,0.0,0.0,1.0
0.0,2.0,23.000000000000004,11.5,3.0000000000000004,1.0,0.0,1.0,0.0,1.0,0.0,0.0,1.0
1.0,2.0,2.0,26.0,2.0,0.0,0.0,1.0,1.0,0.0,0.0,0.0,1.0
0.0,3.0,26.0,7.2292,0.0,1.0,0.0,0.0,0.0,1.0,0.0,0.0,1.0
0.0,3.0,17.0,7.2292,2.0,1.0,0.0,0.0,0.0,1.0,0.0,0.0,1.0
1.0,3.0,26.70777499546452,22.3583,2.0,0.0,0.0,0.0,0.0,0.0,1.0,0.0,1.0
0.0,3.0,30.0,8.6625,0.0,0.0,0.0,1.0,1.0,0.0,0.0,0.0,1.0
1.0,2.0,7.0,26.25,2.0,0.0,0.0,1.0,1.0,0.0,0.0,0.0,1.0
0.0,1.0,45.0,26.55,0.0,1.0,0.0,1.0,0.0,0.0,0.0,1.0,0.0
1.0,1.0,30.0,106.425,0.0,0.0,0.0,0.0,1.0,0.0,0.0,0.0,1.0
0.0,3.0,19.0,14.5,0.0,1.0,0.0,1.0,0.0,1.0,0.0,0.0,1.0
1.0,1.0,21.999999999999996,49.5,2.0,0.0,0.0,0.0,1.0,0.0,0.0,0.0,0.0
1.0,1.0,36.0,71.0,2.0,0.0,0.0,1.0,1.0,0.0,0.0,0.0,0.0
0.0,3.0,9.0,31.275,6.000000000000001,0.0,0.0,1.0,1.0,0.0,0.0,0.0,1.0
0.0,3.0,10.999999999999998,31.275,6.000000000000001,0.0,0.0,1.0,1.0,0.0,0.0,0.0,1.0
1.0,2.0,32.0,26.0,1.0,1.0,0.0,1.0,0.0,1.0,0.0,0.0,1.0
0.0,1.0,50.0,106.425,1.0,1.0,0.0,0.0,0.0,1.0,0.0,0.0,0.0
0.0,1.0,64.0,26.0,0.0,1.0,0.0,1.0,0.0,1.0,0.0,0.0,1.0
1.0,2.0,19.0,26.0,1.0,0.0,0.0,1.0,0.0,0.0,1.0,0.0,1.0
1.0,2.0,26.39849147019242,13.8625,0.0,1.0,0.0,0.0,0.0,1.0,0.0,0.0,1.0
0.0,3.0,33.0,20.525,2.0,1.0,0.0,1.0,0.0,1.0,0.0,0.0,1.0
1.0,2.0,8.0,36.75,2.0,1.0,0.0,1.0,0.0,0.0,0.0,0.0,1.0
1.0,1.0,17.0,110.8833,2.0,1.0,0.0,0.0,0.0,1.0,0.0,0.0,0.0
0.0,2.0,27.0,26.0,0.0,1.0,0.0,1.0,0.0,1.0,0.0,0.0,1.0
0.0,3.0,47.79999998241575,7.8292,0.0,1.0,1.0,0.0,0.0,1.0,0.0,0.0,1.0
1.0,3.0,21.999999999999996,7.225,0.0,1.0,0.0,0.0,0.0,1.0,0.0,0.0,1.0
1.0,3.0,21.999999999999996,7.775,0.0,0.0,0.0,1.0,1.0,0.0,0.0,0.0,1.0
0.0,1.0,62.0,26.55,0.0,1.0,0.0,1.0,0.0,1.0,0.0,0.0,1.0
1.0,1.0,48.0,39.6,1.0,0.0,0.0,0.0,0.0,0.0,0.0,1.0,0.0
0.0,1.0,38.13661148527187,227.525,0.0,1.0,0.0,0.0,0.0,1.0,0.0,0.0,1.0
1.0,1.0,39.0,79.65,2.0,0.0,0.0,1.0,0.0,0.0,1.0,0.0,0.0
1.0,3.0,36.0,17.4,1.0,0.0,0.0,1.0,0.0,0.0,1.0,0.0,1.0
0.0,3.0,47.666666666666664,7.75,0.0,1.0,1.0,0.0,0.0,1.0,0.0,0.0,1.0
0.0,3.0,40.0,7.8958,0.0,1.0,0.0,1.0,0.0,1.0,0.0,0.0,1.0
0.0,2.0,28.0,13.5,0.0,1.0,0.0,1.0,0.0,1.0,0.0,0.0,1.0
0.0,3.0,35.800000000000004,8.05,0.0,1.0,0.0,1.0,0.0,1.0,0.0,0.0,1.0
0.0,3.0,23.32242964888291,8.05,0.0,0.0,0.0,1.0,1.0,0.0,0.0,0.0,1.0
0.0,3.0,24.0,24.15,2.0,1.0,0.0,1.0,0.0,1.0,0.0,0.0,1.0
0.0,3.0,19.0,7.8958,0.0,1.0,0.0,1.0,0.0,1.0,0.0,0.0,1.0
0.0,3.0,29.000000000000004,21.075,4.0,0.0,0.0,1.0,0.0,0.0,1.0,0.0,1.0
0.0,3.0,26.0,7.2292,0.0,1.0,0.0,0.0,0.0,1.0,0.0,0.0,1.0
1.0,3.0,32.0,7.8542,0.0,1.0,0.0,1.0,0.0,1.0,0.0,0.0,1.0
1.0,2.0,62.0,10.5,0.0,1.0,0.0,1.0,0.0,1.0,0.0,0.0,1.0
1.0,1.0,53.0,51.4792,2.0,0.0,0.0,1.0,0.0,0.0,1.0,0.0,0.0
1.0,1.0,36.0,26.3875,0.0,1.0,0.0,1.0,0.0,1.0,0.0,0.0,0.0
1.0,3.0,21.999999999999996,7.75,0.0,0.0,1.0,0.0,1.0,0.0,0.0,0.0,1.0
0.0,3.0,16.0,8.05,0.0,1.0,0.0,1.0,0.0,1.0,0.0,0.0,1.0
0.0,3.0,19.0,14.5,0.0,1.0,0.0,1.0,0.0,1.0,0.0,0.0,1.0
1.0,2.0,34.0,13.0,0.0,0.0,0.0,1.0,1.0,0.0,0.0,0.0,1.0
1.0,1.0,39.0,55.9,1.0,0.0,0.0,1.0,0.0,0.0,1.0,0.0,0.0
0.0,3.0,44.99940782680587,14.4583,1.0,0.0,0.0,0.0,0.0,0.0,1.0,0.0,1.0
1.0,3.0,32.0,7.925,0.0,1.0,0.0,1.0,0.0,1.0,0.0,0.0,1.0
1.0,2.0,25.0,30.0,2.0,0.0,0.0,1.0,1.0,0.0,0.0,0.0,1.0
1.0,1.0,39.0,110.8833,2.0,0.0,0.0,0.0,0.0,0.0,1.0,0.0,0.0
0.0,2.0,54.0,26.0,0.0,1.0,0.0,1.0,0.0,1.0,0.0,0.0,1.0
0.0,1.0,36.0,40.125,0.0,1.0,0.0,0.0,0.0,1.0,0.0,0.0,0.0
0.0,3.0,32.52214363456508,8.7125,0.0,1.0,0.0,0.0,0.0,1.0,0.0,0.0,1.0
1.0,1.0,18.0,79.65,2.0,0.0,0.0,1.0,1.0,0.0,0.0,0.0,0.0
0.0,2.0,47.0,15.0,0.0,1.0,0.0,1.0,0.0,1.0,0.0,0.0,1.0
1.0,1.0,60.0,79.2,2.0,1.0,0.0,0.0,0.0,1.0,0.0,0.0,0.0
0.0,3.0,21.999999999999996,8.05,0.0,1.0,0.0,1.0,0.0,1.0,0.0,0.0,1.0
0.0,3.0,35.800000000000004,8.05,0.0,1.0,0.0,1.0,0.0,1.0,0.0,0.0,1.0
0.0,3.0,35.0,7.125,0.0,1.0,0.0,1.0,0.0,1.0,0.0,0.0,1.0
1.0,1.0,52.0,78.2667,1.0,0.0,0.0,0.0,0.0,0.0,1.0,0.0,0.0
0.0,3.0,47.0,7.25,0.0,1.0,0.0,1.0,0.0,1.0,0.0,0.0,1.0
0.0,3.0,22.030746937970044,7.75,2.0,0.0,1.0,0.0,1.0,0.0,0.0,0.0,1.0
0.0,2.0,37.0,26.0,1.0,1.0,0.0,1.0,0.0,1.0,0.0,0.0,1.0
0.0,3.0,36.0,24.15,2.0,1.0,0.0,1.0,0.0,1.0,0.0,0.0,1.0
1.0,2.0,27.462025316461116,33.0,0.0,0.0,0.0,1.0,1.0,0.0,0.0,0.0,1.0
0.0,3.0,49.0,0.0,0.0,1.0,0.0,1.0,0.0,1.0,0.0,0.0,1.0
0.0,3.0,27.5,7.225,0.0,1.0,0.0,0.0,0.0,1.0,0.0,0.0,1.0
1.0,1.0,49.0,56.9292,1.0,1.0,0.0,0.0,0.0,0.0,0.0,1.0,0.0
1.0,2.0,24.0,27.0,3.0000000000000004,0.0,0.0,1.0,0.0,0.0,1.0,0.0,1.0
0.0,3.0,25.2,7.8958,0.0,1.0,0.0,1.0,0.0,1.0,0.0,0.0,1.0
0.0,1.0,43.2117373054182,42.4,0.0,1.0,0.0,1.0,0.0,1.0,0.0,0.0,1.0
0.0,3.0,43.99999999999999,8.05,0.0,1.0,0.0,1.0,0.0,1.0,0.0,0.0,1.0
1.0,1.0,35.0,26.55,0.0,1.0,0.0,0.0,0.0,1.0,0.0,0.0,1.0
0.0,3.0,36.0,15.55,1.0,1.0,0.0,1.0,0.0,1.0,0.0,0.0,1.0
0.0,3.0,30.0,7.8958,0.0,1.0,0.0,1.0,0.0,1.0,0.0,0.0,1.0
1.0,1.0,27.0,30.5,0.0,1.0,0.0,1.0,0.0,1.0,0.0,0.0,1.0
1.0,2.0,21.999999999999996,41.5792,3.0000000000000004,0.0,0.0,0.0,0.0,0.0,1.0,0.0,1.0
1.0,1.0,40.0,153.4625,0.0,0.0,0.0,1.0,1.0,0.0,0.0,0.0,0.0
0.0,3.0,39.0,31.275,6.000000000000001,0.0,0.0,1.0,0.0,0.0,1.0,0.0,1.0
0.0,3.0,26.4,7.05,0.0,1.0,0.0,1.0,0.0,1.0,0.0,0.0,1.0
1.0,3.0,17.599707097128658,15.5,1.0,0.0,1.0,0.0,1.0,0.0,0.0,0.0,1.0
0.0,3.0,47.666666666666664,7.75,0.0,1.0,1.0,0.0,0.0,1.0,0.0,0.0,1.0
0.0,3.0,35.0,8.05,0.0,1.0,0.0,1.0,0.0,1.0,0.0,0.0,1.0
1.0,2.0,24.0,65.0,3.0000000000000004,0.0,0.0,1.0,1.0,0.0,0.0,0.0,1.0
0.0,3.0,34.0,14.4,2.0,1.0,0.0,1.0,0.0,1.0,0.0,0.0,1.0
0.0,3.0,26.0,16.1,1.0,0.0,0.0,1.0,0.0,0.0,1.0,0.0,1.0
1.0,2.0,4.0,39.0,3.0000000000000004,0.0,0.0,1.0,1.0,0.0,0.0,0.0,0.0
0.0,2.0,26.0,10.5,0.0,1.0,0.0,1.0,0.0,1.0,0.0,0.0,1.0
0.0,3.0,27.0,14.4542,1.0,1.0,0.0,0.0,0.0,1.0,0.0,0.0,1.0
1.0,1.0,42.0,52.5542,1.0,1.0,0.0,1.0,0.0,1.0,0.0,0.0,0.0
1.0,3.0,20.0,15.7417,2.0,1.0,0.0,0.0,0.0,1.0,0.0,0.0,1.0
0.0,3.0,21.0,7.8542,0.0,1.0,0.0,1.0,0.0,1.0,0.0,0.0,1.0
0.0,3.0,21.0,16.1,0.0,1.0,0.0,1.0,0.0,1.0,0.0,0.0,1.0
0.0,1.0,61.0,32.3208,0.0,1.0,0.0,1.0,0.0,1.0,0.0,0.0,0.0
0.0,2.0,57.0,12.35,0.0,1.0,1.0,0.0,0.0,0.0,0.0,1.0,1.0
1.0,1.0,21.0,77.9583,0.0,0.0,0.0,1.0,1.0,0.0,0.0,0.0,0.0
0.0,3.0,26.0,7.8958,0.0,1.0,0.0,1.0,0.0,1.0,0.0,0.0,1.0
0.0,3.0,21.0,7.7333,0.0,1.0,1.0,0.0,0.0,1.0,0.0,0.0,1.0
1.0,1.0,80.0,30.0,0.0,1.0,0.0,1.0,0.0,1.0,0.0,0.0,0.0
0.0,3.0,50.99999999999999,7.0542,0.0,1.0,0.0,1.0,0.0,1.0,0.0,0.0,1.0
1.0,1.0,32.0,30.5,0.0,1.0,0.0,0.0,0.0,0.0,0.0,1.0,0.0
0.0,1.0,54.30163630779852,0.0,0.0,1.0,0.0,1.0,0.0,1.0,0.0,0.0,1.0
0.0,3.0,9.0,27.9,5.0,0.0,0.0,1.0,1.0,0.0,0.0,0.0,1.0
1.0,2.0,28.0,13.0,0.0,0.0,0.0,1.0,1.0,0.0,0.0,0.0,1.0
0.0,3.0,32.0,7.925,0.0,1.0,0.0,1.0,0.0,1.0,0.0,0.0,1.0
0.0,2.0,31.0,26.25,2.0,1.0,0.0,1.0,0.0,1.0,0.0,0.0,1.0
0.0,3.0,41.0,39.6875,5.0,0.0,0.0,1.0,0.0,0.0,1.0,0.0,1.0
0.0,3.0,32.66666666666667,16.1,1.0,1.0,0.0,1.0,0.0,1.0,0.0,0.0,1.0
0.0,3.0,20.0,7.8542,0.0,1.0,0.0,1.0,0.0,1.0,0.0,0.0,1.0
1.0,1.0,24.0,69.3,0.0,0.0,0.0,0.0,0.0,0.0,0.0,1.0,0.0
0.0,3.0,2.0,27.9,5.0,0.0,0.0,1.0,1.0,0.0,0.0,0.0,1.0
1.0,3.0,29.999999999999996,56.4958,0.0,1.0,0.0,1.0,0.0,1.0,0.0,0.0,1.0
1.0,3.0,0.75,19.2583,3.0000000000000004,0.0,0.0,0.0,1.0,0.0,0.0,0.0,1.0
1.0,1.0,48.0,76.7292,1.0,1.0,0.0,0.0,0.0,1.0,0.0,0.0,0.0
0.0,3.0,19.0,7.8958,0.0,1.0,0.0,1.0,0.0,1.0,0.0,0.0,1.0
1.0,1.0,56.0,35.5,0.0,1.0,0.0,0.0,0.0,0.0,0.0,1.0,0.0
0.0,3.0,42.0,7.55,0.0,1.0,0.0,1.0,0.0,1.0,0.0,0.0,1.0
1.0,3.0,23.000000000000004,7.55,0.0,0.0,0.0,1.0,1.0,0.0,0.0,0.0,1.0
0.0,3.0,25.2,7.8958,0.0,1.0,0.0,1.0,0.0,1.0,0.0,0.0,1.0
1.0,2.0,18.0,23.0,1.0,0.0,0.0,1.0,1.0,0.0,0.0,0.0,1.0
0.0,3.0,21.0,8.4333,0.0,1.0,0.0,1.0,0.0,1.0,0.0,0.0,1.0
1.0,3.0,18.154869142511767,7.8292,0.0,0.0,1.0,0.0,1.0,0.0,0.0,0.0,1.0
0.0,3.0,18.0,6.75,0.0,0.0,1.0,0.0,1.0,0.0,0.0,0.0,1.0
0.0,2.0,24.0,73.5,2.0,1.0,0.0,1.0,0.0,1.0,0.0,0.0,1.0
0.0,3.0,25.2,7.8958,0.0,1.0,0.0,1.0,0.0,1.0,0.0,0.0,1.0
0.0,3.0,32.0,15.5,2.0,0.0,1.0,0.0,0.0,0.0,1.0,0.0,1.0
0.0,2.0,23.000000000000004,13.0,0.0,1.0,0.0,1.0,0.0,1.0,0.0,0.0,1.0
0.0,1.0,58.00000000000001,113.275,2.0,1.0,0.0,0.0,0.0,1.0,0.0,0.0,0.0
1.0,1.0,50.0,133.65,2.0,1.0,0.0,1.0,0.0,0.0,0.0,1.0,1.0
0.0,3.0,40.0,7.225,0.0,1.0,0.0,0.0,0.0,1.0,0.0,0.0,1.0
0.0,1.0,47.0,25.5875,0.0,1.0,0.0,1.0,0.0,1.0,0.0,0.0,0.0
0.0,3.0,36.0,7.4958,0.0,1.0,0.0,1.0,0.0,1.0,0.0,0.0,1.0
1.0,3.0,20.0,7.925,1.0,1.0,0.0,1.0,0.0,1.0,0.0,0.0,1.0
0.0,2.0,32.0,73.5,2.0,1.0,0.0,1.0,0.0,1.0,0.0,0.0,1.0
0.0,2.0,25.0,13.0,0.0,1.0,0.0,1.0,0.0,1.0,0.0,0.0,1.0
0.0,3.0,33.0,7.775,0.0,1.0,0.0,1.0,0.0,1.0,0.0,0.0,1.0
0.0,3.0,43.0,8.05,0.0,1.0,0.0,1.0,0.0,1.0,0.0,0.0,1.0
1.0,1.0,32.74530106953301,52.0,1.0,0.0,0.0,1.0,0.0,0.0,1.0,0.0,0.0
1.0,2.0,40.0,39.0,2.0,0.0,0.0,1.0,0.0,0.0,1.0,0.0,1.0
0.0,1.0,31.0,52.0,1.0,1.0,0.0,1.0,0.0,1.0,0.0,0.0,0.0
0.0,2.0,70.0,10.5,0.0,1.0,0.0,1.0,0.0,1.0,0.0,0.0,1.0
1.0,2.0,31.0,13.0,0.0,1.0,0.0,1.0,0.0,1.0,0.0,0.0,1.0
0.0,2.0,36.79999999999974,0.0,0.0,1.0,0.0,1.0,0.0,1.0,0.0,0.0,1.0
0.0,3.0,18.0,7.775,0.0,1.0,0.0,1.0,0.0,1.0,0.0,0.0,1.0
0.0,3.0,24.5,8.05,0.0,1.0,0.0,1.0,0.0,1.0,0.0,0.0,1.0
1.0,3.0,18.0,9.8417,0.0,0.0,0.0,1.0,1.0,0.0,0.0,0.0,1.0
0.0,3.0,43.0,46.9,7.0,0.0,0.0,1.0,0.0,0.0,1.0,0.0,1.0
1.0,1.0,36.0,512.3292,1.0,1.0,0.0,0.0,0.0,1.0,0.0,0.0,0.0
0.0,3.0,24.79522176738713,8.1375,0.0,0.0,1.0,0.0,1.0,0.0,0.0,0.0,1.0
1.0,1.0,27.0,76.7292,0.0,1.0,0.0,0.0,0.0,1.0,0.0,0.0,0.0
0.0,3.0,20.0,9.225,0.0,1.0,0.0,1.0,0.0,1.0,0.0,0.0,1.0
0.0,3.0,14.0,46.9,7.0,1.0,0.0,1.0,0.0,1.0,0.0,0.0,1.0
0.0,2.0,60.0,39.0,2.0,1.0,0.0,1.0,0.0,1.0,0.0,0.0,1.0
0.0,2.0,25.0,41.5792,3.0000000000000004,1.0,0.0,0.0,0.0,1.0,0.0,0.0,1.0
0.0,3.0,14.0,39.6875,5.0,1.0,0.0,1.0,0.0,1.0,0.0,0.0,1.0
0.0,3.0,19.0,10.1708,0.0,1.0,0.0,1.0,0.0,1.0,0.0,0.0,1.0
0.0,3.0,18.0,7.7958,0.0,1.0,0.0,1.0,0.0,1.0,0.0,0.0,1.0
1.0,1.0,15.0,211.3375,1.0,0.0,0.0,1.0,1.0,0.0,0.0,0.0,0.0
1.0,1.0,31.0,57.0,1.0,1.0,0.0,1.0,0.0,1.0,0.0,0.0,0.0
1.0,3.0,4.0,13.4167,1.0,0.0,0.0,0.0,1.0,0.0,0.0,0.0,1.0
1.0,3.0,29.999999999999996,56.4958,0.0,1.0,0.0,1.0,0.0,1.0,0.0,0.0,1.0
0.0,3.0,25.0,7.225,0.0,1.0,0.0,0.0,0.0,1.0,0.0,0.0,1.0
0.0,1.0,60.0,26.55,0.0,1.0,0.0,1.0,0.0,0.0,0.0,1.0,1.0
0.0,2.0,52.0,13.5,0.0,1.0,0.0,1.0,0.0,1.0,0.0,0.0,1.0
0.0,3.0,43.99999999999999,8.05,0.0,1.0,0.0,1.0,0.0,1.0,0.0,0.0,1.0
1.0,3.0,16.0,7.7333,0.0,0.0,1.0,0.0,1.0,0.0,0.0,0.0,1.0
0.0,1.0,49.0,110.8833,2.0,1.0,0.0,0.0,0.0,1.0,0.0,0.0,0.0
0.0,3.0,42.0,7.65,0.0,1.0,0.0,1.0,0.0,1.0,0.0,0.0,0.0
1.0,1.0,18.0,227.525,1.0,0.0,0.0,0.0,0.0,0.0,1.0,0.0,0.0
1.0,1.0,35.0,26.2875,0.0,1.0,0.0,1.0,0.0,1.0,0.0,0.0,0.0
0.0,3.0,18.0,14.4542,1.0,0.0,0.0,0.0,1.0,0.0,0.0,0.0,1.0
0.0,3.0,25.0,7.7417,0.0,1.0,1.0,0.0,0.0,1.0,0.0,0.0,1.0
0.0,3.0,26.0,7.8542,1.0,1.0,0.0,1.0,0.0,1.0,0.0,0.0,1.0
0.0,2.0,39.0,26.0,0.0,1.0,0.0,1.0,0.0,1.0,0.0,0.0,1.0
1.0,2.0,45.0,13.5,0.0,0.0,0.0,1.0,0.0,0.0,1.0,0.0,1.0
1.0,1.0,42.0,26.2875,0.0,1.0,0.0,1.0,0.0,1.0,0.0,0.0,0.0
1.0,1.0,21.999999999999996,151.55,0.0,0.0,0.0,1.0,1.0,0.0,0.0,0.0,1.0
1.0,3.0,6.482828544488689,15.2458,2.0,1.0,0.0,0.0,0.0,0.0,0.0,0.0,1.0
1.0,1.0,24.0,49.5042,0.0,0.0,0.0,0.0,0.0,0.0,0.0,1.0,0.0
0.0,1.0,63.5,26.55,0.0,1.0,0.0,1.0,0.0,1.0,0.0,0.0,0.0
1.0,1.0,48.0,52.0,1.0,1.0,0.0,1.0,0.0,1.0,0.0,0.0,0.0
0.0,3.0,29.000000000000004,9.4833,0.0,1.0,0.0,1.0,0.0,1.0,0.0,0.0,1.0
0.0,2.0,52.0,13.0,0.0,1.0,0.0,1.0,0.0,1.0,0.0,0.0,1.0
0.0,3.0,19.0,7.65,0.0,1.0,0.0,1.0,0.0,1.0,0.0,0.0,0.0
1.0,1.0,38.0,227.525,0.0,0.0,0.0,0.0,1.0,0.0,0.0,0.0,0.0
1.0,2.0,27.0,10.5,0.0,0.0,0.0,1.0,1.0,0.0,0.0,0.0,0.0
0.0,3.0,47.79999999999816,15.5,0.0,1.0,1.0,0.0,0.0,1.0,0.0,0.0,1.0
0.0,3.0,33.0,7.775,0.0,1.0,0.0,1.0,0.0,1.0,0.0,0.0,1.0
1.0,2.0,6.0,33.0,1.0,0.0,0.0,1.0,1.0,0.0,0.0,0.0,1.0
0.0,3.0,17.0,7.0542,1.0,1.0,0.0,1.0,0.0,1.0,0.0,0.0,1.0
0.0,2.0,34.0,13.0,0.0,1.0,0.0,1.0,0.0,1.0,0.0,0.0,1.0
0.0,2.0,50.0,13.0,0.0,1.0,0.0,1.0,0.0,1.0,0.0,0.0,1.0
1.0,1.0,27.0,53.1,1.0,1.0,0.0,1.0,0.0,1.0,0.0,0.0,0.0
0.0,3.0,20.0,8.6625,0.0,1.0,0.0,1.0,0.0,1.0,0.0,0.0,1.0
1.0,2.0,30.0,21.0,3.0000000000000004,0.0,0.0,1.0,0.0,0.0,1.0,0.0,1.0
1.0,3.0,17.21823212395182,7.7375,0.0,0.0,1.0,0.0,1.0,0.0,0.0,0.0,1.0
0.0,2.0,25.0,26.0,1.0,1.0,0.0,1.0,0.0,1.0,0.0,0.0,1.0
0.0,3.0,25.0,7.925,1.0,0.0,0.0,1.0,1.0,0.0,0.0,0.0,1.0
1.0,1.0,29.000000000000004,211.3375,0.0,0.0,0.0,1.0,1.0,0.0,0.0,0.0,0.0
0.0,3.0,10.999999999999998,18.7875,0.0,1.0,0.0,0.0,0.0,1.0,0.0,0.0,1.0
0.0,2.0,36.79999999999974,0.0,0.0,1.0,0.0,1.0,0.0,1.0,0.0,0.0,1.0
0.0,2.0,23.000000000000004,13.0,0.0,1.0,0.0,1.0,0.0,1.0,0.0,0.0,1.0
0.0,2.0,23.000000000000004,13.0,0.0,1.0,0.0,1.0,0.0,1.0,0.0,0.0,1.0
0.0,3.0,28.5,16.1,0.0,1.0,0.0,1.0,0.0,1.0,0.0,0.0,1.0
0.0,3.0,48.0,34.375,4.0,0.0,0.0,1.0,0.0,0.0,1.0,0.0,1.0
1.0,1.0,35.0,512.3292,0.0,1.0,0.0,0.0,0.0,1.0,0.0,0.0,0.0
0.0,3.0,25.2,7.8958,0.0,1.0,0.0,1.0,0.0,1.0,0.0,0.0,1.0
0.0,3.0,25.2,7.8958,0.0,1.0,0.0,1.0,0.0,1.0,0.0,0.0,1.0
1.0,1.0,80.0,30.0,0.0,1.0,0.0,1.0,0.0,1.0,0.0,0.0,0.0
0.0,1.0,36.0,78.85,1.0,1.0,0.0,1.0,0.0,1.0,0.0,0.0,0.0
1.0,1.0,21.0,262.375,4.0,0.0,0.0,0.0,1.0,0.0,0.0,0.0,0.0
0.0,3.0,24.0,16.1,1.0,1.0,0.0,1.0,0.0,1.0,0.0,0.0,1.0
1.0,3.0,31.0,7.925,0.0,1.0,0.0,1.0,0.0,1.0,0.0,0.0,1.0
0.0,1.0,70.0,71.0,2.0,1.0,0.0,1.0,0.0,0.0,0.0,1.0,0.0
0.0,3.0,16.0,20.25,2.0,1.0,0.0,1.0,0.0,1.0,0.0,0.0,1.0
1.0,2.0,30.0,13.0,0.0,0.0,0.0,1.0,1.0,0.0,0.0,0.0,1.0
0.0,1.0,19.0,53.1,1.0,1.0,0.0,1.0,0.0,1.0,0.0,0.0,0.0
0.0,3.0,31.0,7.75,0.0,1.0,1.0,0.0,0.0,1.0,0.0,0.0,1.0
1.0,2.0,4.0,23.0,2.0,0.0,0.0,1.0,1.0,0.0,0.0,0.0,1.0
1.0,3.0,6.0,12.475,1.0,1.0,0.0,1.0,0.0,0.0,0.0,0.0,0.0
0.0,3.0,33.0,9.5,0.0,1.0,0.0,1.0,0.0,1.0,0.0,0.0,1.0
0.0,3.0,23.000000000000004,7.8958,0.0,1.0,0.0,1.0,0.0,1.0,0.0,0.0,1.0
1.0,2.0,48.0,65.0,3.0000000000000004,0.0,0.0,1.0,0.0,0.0,1.0,0.0,1.0
1.0,2.0,0.67,14.5,2.0,1.0,0.0,1.0,0.0,0.0,0.0,0.0,1.0
0.0,3.0,28.0,7.7958,0.0,1.0,0.0,1.0,0.0,1.0,0.0,0.0,1.0
0.0,2.0,18.0,11.5,0.0,1.0,0.0,1.0,0.0,1.0,0.0,0.0,1.0
0.0,3.0,34.0,8.05,0.0,1.0,0.0,1.0,0.0,1.0,0.0,0.0,1.0
1.0,1.0,33.0,86.5,0.0,0.0,0.0,1.0,0.0,0.0,0.0,1.0,0.0
0.0,3.0,19.0,14.5,0.0,1.0,0.0,1.0,0.0,1.0,0.0,0.0,1.0
0.0,3.0,41.0,7.125,0.0,1.0,0.0,1.0,0.0,1.0,0.0,0.0,1.0
1.0,3.0,20.0,7.2292,0.0,1.0,0.0,0.0,0.0,1.0,0.0,0.0,1.0
1.0,1.0,36.0,120.0,3.0000000000000004,0.0,0.0,1.0,0.0,0.0,1.0,0.0,0.0
0.0,3.0,16.0,7.775,0.0,1.0,0.0,1.0,0.0,1.0,0.0,0.0,1.0
1.0,1.0,50.99999999999999,77.9583,1.0,0.0,0.0,1.0,0.0,0.0,1.0,0.0,0.0
0.0,1.0,40.68843606944438,39.6,0.0,1.0,0.0,0.0,0.0,0.0,0.0,1.0,1.0
0.0,3.0,30.5,7.75,0.0,0.0,1.0,0.0,1.0,0.0,0.0,0.0,1.0
0.0,3.0,42.78035287151902,24.15,1.0,1.0,1.0,0.0,0.0,1.0,0.0,0.0,1.0
0.0,3.0,32.0,8.3625,0.0,1.0,0.0,1.0,0.0,1.0,0.0,0.0,1.0
0.0,3.0,24.0,9.5,0.0,1.0,0.0,1.0,0.0,1.0,0.0,0.0,1.0
0.0,3.0,48.0,7.8542,0.0,1.0,0.0,1.0,0.0,1.0,0.0,0.0,1.0
0.0,2.0,57.0,10.5,0.0,0.0,0.0,1.0,0.0,0.0,1.0,0.0,0.0
0.0,3.0,27.5,7.225,0.0,1.0,0.0,0.0,0.0,1.0,0.0,0.0,1.0
1.0,2.0,54.0,23.0,4.0,0.0,0.0,1.0,0.0,0.0,1.0,0.0,1.0
0.0,3.0,18.0,7.75,0.0,1.0,0.0,1.0,0.0,1.0,0.0,0.0,1.0
0.0,3.0,47.8,7.75,0.0,1.0,1.0,0.0,0.0,1.0,0.0,0.0,0.0
1.0,3.0,5.0,12.475,0.0,0.0,0.0,1.0,1.0,0.0,0.0,0.0,1.0
0.0,3.0,31.265987289975474,7.7375,0.0,1.0,1.0,0.0,0.0,1.0,0.0,0.0,1.0
1.0,1.0,43.0,211.3375,1.0,0.0,0.0,1.0,0.0,0.0,1.0,0.0,0.0
1.0,3.0,13.0,7.2292,0.0,0.0,0.0,0.0,1.0,0.0,0.0,0.0,1.0
1.0,1.0,17.0,57.0,1.0,0.0,0.0,1.0,0.0,0.0,1.0,0.0,0.0
0.0,1.0,29.000000000000004,30.0,0.0,1.0,0.0,1.0,0.0,1.0,0.0,0.0,0.0
0.0,3.0,26.229521128145638,23.45,3.0000000000000004,1.0,0.0,1.0,0.0,1.0,0.0,0.0,1.0
0.0,3.0,25.0,7.05,0.0,1.0,0.0,1.0,0.0,1.0,0.0,0.0,1.0
0.0,3.0,25.0,7.25,0.0,1.0,0.0,1.0,0.0,1.0,0.0,0.0,1.0
1.0,3.0,18.0,7.4958,0.0,0.0,0.0,1.0,1.0,0.0,0.0,0.0,1.0
0.0,3.0,8.0,29.125,5.0,1.0,1.0,0.0,0.0,0.0,0.0,0.0,1.0
1.0,3.0,1.0,20.575,3.0000000000000004,1.0,0.0,1.0,0.0,0.0,0.0,0.0,1.0
0.0,1.0,46.00000000000001,79.2,0.0,1.0,0.0,0.0,0.0,1.0,0.0,0.0,0.0
0.0,3.0,47.666666666666664,7.75,0.0,1.0,1.0,0.0,0.0,1.0,0.0,0.0,1.0
0.0,2.0,16.0,26.0,0.0,1.0,0.0,1.0,0.0,1.0,0.0,0.0,1.0
0.0,3.0,9.260820578505998,69.55,10.0,0.0,0.0,1.0,1.0,0.0,0.0,0.0,1.0
0.0,1.0,54.719623845517496,30.6958,0.0,1.0,0.0,0.0,0.0,1.0,0.0,0.0,1.0
0.0,3.0,25.0,7.8958,0.0,1.0,0.0,1.0,0.0,1.0,0.0,0.0,1.0
0.0,2.0,39.0,13.0,0.0,1.0,0.0,1.0,0.0,1.0,0.0,0.0,1.0
1.0,1.0,49.0,25.9292,0.0,0.0,0.0,1.0,0.0,0.0,0.0,1.0,0.0
1.0,3.0,31.0,8.6833,0.0,0.0,0.0,1.0,0.0,0.0,1.0,0.0,1.0
0.0,3.0,30.0,7.2292,0.0,1.0,0.0,0.0,0.0,1.0,0.0,0.0,1.0
0.0,3.0,30.0,24.15,2.0,0.0,0.0,1.0,0.0,0.0,1.0,0.0,1.0
0.0,2.0,34.0,13.0,0.0,1.0,0.0,1.0,0.0,1.0,0.0,0.0,1.0
1.0,2.0,31.0,26.25,2.0,0.0,0.0,1.0,0.0,0.0,1.0,0.0,1.0
1.0,1.0,10.999999999999998,120.0,3.0000000000000004,1.0,0.0,1.0,0.0,0.0,0.0,0.0,0.0
1.0,3.0,0.41999999999999993,8.5167,1.0,1.0,0.0,0.0,0.0,0.0,0.0,0.0,1.0
1.0,3.0,27.0,6.975,0.0,1.0,0.0,1.0,0.0,1.0,0.0,0.0,1.0
0.0,3.0,31.0,7.775,0.0,1.0,0.0,1.0,0.0,1.0,0.0,0.0,1.0
0.0,1.0,39.0,0.0,0.0,1.0,0.0,1.0,0.0,1.0,0.0,0.0,0.0
0.0,3.0,18.0,7.775,0.0,0.0,0.0,1.0,1.0,0.0,0.0,0.0,1.0
0.0,2.0,39.0,13.0,0.0,1.0,0.0,1.0,0.0,1.0,0.0,0.0,1.0
1.0,1.0,33.0,53.1,1.0,0.0,0.0,1.0,0.0,0.0,1.0,0.0,0.0
0.0,3.0,26.0,7.8875,0.0,1.0,0.0,1.0,0.0,1.0,0.0,0.0,1.0
0.0,3.0,39.0,24.15,0.0,1.0,0.0,1.0,0.0,1.0,0.0,0.0,1.0
0.0,2.0,35.0,10.5,0.0,1.0,0.0,1.0,0.0,1.0,0.0,0.0,1.0
0.0,3.0,6.0,31.275,6.000000000000001,0.0,0.0,1.0,1.0,0.0,0.0,0.0,1.0
0.0,3.0,30.5,8.05,0.0,1.0,0.0,1.0,0.0,1.0,0.0,0.0,1.0
0.0,1.0,39.0,0.0,0.0,1.0,0.0,1.0,0.0,1.0,0.0,0.0,0.0
0.0,3.0,23.000000000000004,7.925,0.0,0.0,0.0,1.0,1.0,0.0,0.0,0.0,1.0
0.0,2.0,31.0,37.0042,2.0,1.0,0.0,0.0,0.0,1.0,0.0,0.0,1.0
0.0,3.0,43.0,6.45,0.0,1.0,0.0,1.0,0.0,1.0,0.0,0.0,1.0
0.0,3.0,10.0,27.9,5.0,1.0,0.0,1.0,0.0,0.0,0.0,0.0,1.0
1.0,1.0,52.0,93.5,2.0,0.0,0.0,1.0,0.0,0.0,1.0,0.0,0.0
1.0,3.0,27.0,8.6625,0.0,1.0,0.0,1.0,0.0,1.0,0.0,0.0,1.0
0.0,1.0,38.0,0.0,0.0,1.0,0.0,1.0,0.0,0.0,0.0,1.0,1.0
1.0,3.0,27.0,12.475,1.0,0.0,0.0,1.0,0.0,0.0,1.0,0.0,0.0
0.0,3.0,2.0,39.6875,5.0,1.0,0.0,1.0,0.0,0.0,0.0,0.0,1.0
0.0,3.0,28.039755474477463,6.95,0.0,1.0,1.0,0.0,0.0,1.0,0.0,0.0,1.0
0.0,3.0,28.0,56.4958,0.0,1.0,0.0,1.0,0.0,1.0,0.0,0.0,1.0
1.0,2.0,1.0,37.0042,2.0,1.0,0.0,0.0,0.0,0.0,0.0,0.0,1.0
1.0,3.0,29.000000000000004,7.75,0.0,1.0,1.0,0.0,0.0,1.0,0.0,0.0,1.0
1.0,1.0,62.0,80.0,0.0,0.0,0.0,0.0,0.0,0.0,1.0,0.0,0.0
1.0,3.0,15.0,14.4542,1.0,0.0,0.0,0.0,0.0,0.0,1.0,0.0,1.0
1.0,2.0,0.83,18.75,2.0,1.0,0.0,1.0,0.0,0.0,0.0,0.0,1.0
0.0,3.0,26.0,7.2292,0.0,1.0,0.0,0.0,0.0,1.0,0.0,0.0,1.0
0.0,3.0,23.000000000000004,7.8542,0.0,1.0,0.0,1.0,0.0,1.0,0.0,0.0,1.0
0.0,3.0,18.0,8.3,0.0,1.0,0.0,1.0,0.0,1.0,0.0,0.0,1.0
1.0,1.0,39.0,83.1583,2.0,0.0,0.0,0.0,1.0,0.0,0.0,0.0,0.0
0.0,3.0,21.0,8.6625,0.0,1.0,0.0,1.0,0.0,1.0,0.0,0.0,1.0
0.0,3.0,35.800000000000004,8.05,0.0,1.0,0.0,1.0,0.0,1.0,0.0,0.0,1.0
1.0,3.0,32.0,56.4958,0.0,1.0,0.0,1.0,0.0,1.0,0.0,0.0,1.0
1.0,1.0,28.579411404345795,29.7,0.0,1.0,0.0,0.0,0.0,1.0,0.0,0.0,0.0
0.0,3.0,20.0,7.925,0.0,1.0,0.0,1.0,0.0,1.0,0.0,0.0,1.0
0.0,2.0,16.0,10.5,0.0,1.0,0.0,1.0,0.0,1.0,0.0,0.0,1.0
1.0,1.0,30.0,31.0,0.0,0.0,0.0,0.0,1.0,0.0,0.0,0.0,1.0
0.0,3.0,34.5,6.4375,0.0,1.0,0.0,0.0,0.0,1.0,0.0,0.0,1.0
0.0,3.0,17.0,8.6625,0.0,1.0,0.0,1.0,0.0,1.0,0.0,0.0,1.0
0.0,3.0,42.0,7.55,0.0,1.0,0.0,1.0,0.0,1.0,0.0,0.0,1.0
0.0,3.0,23.975456541101856,69.55,10.0,1.0,0.0,1.0,0.0,1.0,0.0,0.0,1.0
0.0,3.0,35.0,7.8958,0.0,1.0,0.0,0.0,0.0,1.0,0.0,0.0,1.0
0.0,2.0,28.0,33.0,1.0,1.0,0.0,1.0,0.0,0.0,0.0,1.0,1.0
1.0,1.0,34.92935991266182,89.1042,1.0,0.0,0.0,0.0,0.0,0.0,1.0,0.0,0.0
0.0,3.0,4.0,31.275,6.000000000000001,1.0,0.0,1.0,0.0,0.0,0.0,0.0,1.0
0.0,3.0,74.0,7.775,0.0,1.0,0.0,1.0,0.0,1.0,0.0,0.0,1.0
0.0,3.0,9.0,15.2458,2.0,0.0,0.0,0.0,1.0,0.0,0.0,0.0,1.0
1.0,1.0,16.0,39.4,1.0,0.0,0.0,1.0,1.0,0.0,0.0,0.0,0.0
0.0,2.0,43.99999999999999,26.0,1.0,0.0,0.0,1.0,0.0,0.0,1.0,0.0,1.0
1.0,3.0,18.0,9.35,1.0,0.0,0.0,1.0,0.0,0.0,1.0,0.0,1.0
1.0,1.0,45.0,164.8667,2.0,0.0,0.0,1.0,0.0,0.0,1.0,0.0,1.0
1.0,1.0,50.99999999999999,26.55,0.0,1.0,0.0,1.0,0.0,1.0,0.0,0.0,0.0
1.0,3.0,24.0,19.2583,3.0000000000000004,0.0,0.0,0.0,0.0,0.0,1.0,0.0,1.0
0.0,3.0,26.0,7.2292,0.0,1.0,0.0,0.0,0.0,1.0,0.0,0.0,1.0
0.0,3.0,41.0,14.1083,2.0,1.0,0.0,1.0,0.0,1.0,0.0,0.0,1.0
0.0,2.0,21.0,11.5,1.0,1.0,0.0,1.0,0.0,1.0,0.0,0.0,1.0
1.0,1.0,48.0,25.9292,0.0,0.0,0.0,1.0,0.0,0.0,1.0,0.0,0.0
0.0,3.0,9.260820578505998,69.55,10.0,0.0,0.0,1.0,1.0,0.0,0.0,0.0,1.0
0.0,2.0,24.0,13.0,0.0,1.0,0.0,1.0,0.0,1.0,0.0,0.0,1.0
1.0,2.0,42.0,13.0,0.0,0.0,0.0,1.0,0.0,0.0,1.0,0.0,1.0
1.0,2.0,27.0,13.8583,1.0,0.0,0.0,0.0,1.0,0.0,0.0,0.0,1.0
0.0,1.0,31.0,50.4958,0.0,1.0,0.0,1.0,0.0,1.0,0.0,0.0,0.0
0.0,3.0,33.0,9.5,0.0,1.0,0.0,1.0,0.0,1.0,0.0,0.0,1.0
1.0,3.0,4.0,11.1333,2.0,1.0,0.0,1.0,0.0,0.0,0.0,0.0,1.0
0.0,3.0,26.0,7.8958,0.0,1.0,0.0,1.0,0.0,1.0,0.0,0.0,1.0
1.0,1.0,47.0,52.5542,2.0,0.0,0.0,1.0,0.0,0.0,1.0,0.0,0.0
0.0,1.0,33.0,5.0,0.0,1.0,0.0,1.0,0.0,1.0,0.0,0.0,0.0
0.0,3.0,47.0,9.0,0.0,1.0,0.0,1.0,0.0,1.0,0.0,0.0,1.0
1.0,2.0,28.0,24.0,1.0,0.0,0.0,0.0,0.0,0.0,1.0,0.0,1.0
1.0,3.0,15.0,7.225,0.0,0.0,0.0,0.0,1.0,0.0,0.0,0.0,1.0
0.0,3.0,20.0,9.8458,0.0,1.0,0.0,1.0,0.0,1.0,0.0,0.0,1.0
0.0,3.0,19.0,7.8958,0.0,1.0,0.0,1.0,0.0,1.0,0.0,0.0,1.0
0.0,3.0,25.2,7.8958,0.0,1.0,0.0,1.0,0.0,1.0,0.0,0.0,1.0
1.0,1.0,56.0,83.1583,1.0,0.0,0.0,0.0,0.0,0.0,1.0,0.0,0.0
1.0,2.0,25.0,26.0,1.0,0.0,0.0,1.0,0.0,0.0,1.0,0.0,1.0
0.0,3.0,33.0,7.8958,0.0,1.0,0.0,1.0,0.0,1.0,0.0,0.0,1.0
0.0,3.0,21.999999999999996,10.5167,0.0,0.0,0.0,1.0,1.0,0.0,0.0,0.0,1.0
0.0,2.0,28.0,10.5,0.0,1.0,0.0,1.0,0.0,1.0,0.0,0.0,1.0
0.0,3.0,25.0,7.05,0.0,1.0,0.0,1.0,0.0,1.0,0.0,0.0,1.0
0.0,3.0,39.0,29.125,5.0,0.0,1.0,0.0,0.0,0.0,1.0,0.0,1.0
0.0,2.0,27.0,13.0,0.0,1.0,0.0,1.0,0.0,0.0,0.0,1.0,1.0
1.0,1.0,19.0,30.0,0.0,0.0,0.0,1.0,1.0,0.0,0.0,0.0,0.0
0.0,3.0,11.956252857300143,23.45,3.0000000000000004,0.0,0.0,1.0,1.0,0.0,0.0,0.0,1.0
1.0,1.0,26.0,30.0,0.0,1.0,0.0,0.0,0.0,1.0,0.0,0.0,0.0
0.0,3.0,32.0,7.75,0.0,1.0,1.0,0.0,0.0,1.0,0.0,0.0,1.0
